,label,ltable_Song_Name,ltable_Artist_Name,ltable_Album_Name,ltable_Genre,ltable_Price,ltable_CopyRight,ltable_Time,ltable_Released,rtable_Song_Name,rtable_Artist_Name,rtable_Album_Name,rtable_Genre,rtable_Price,rtable_CopyRight,rtable_Time,rtable_Released,alteredAttributes,droppedValues,copiedValues,classes,labels,nomatch_score,match_score,attr_count
0,,This Is What Makes Us Girls,Naughty Boy,Hotel Cabana ( Deluxe Version ),"Pop , Music , Rock , R&B / Soul , Contemporary R&B , Dance,Electronic,Hip-Hop / Rap , Pop/Rock",$ 1.29,2013 Naughty Boy Recordings Ltd under exclusive licence to Virgin Records Ltd,4:15,6-May-14,Wonder [ feat . Emeli SandÌ © ],Naughty Boy,Hotel Cabana [ Explicit ],Pop,$ 1.29,( C ) 2014 Naughty Boy Recordings Ltd under exclusive licence to Virgin Records Ltd,3:27,"May 6 , 2014","('ltable_Song_Name',)","[""Lifted ( feat . Emeli Sand ' © & Professor Green )""]",['This Is What Makes Us Girls'],0,0,0.99282223,0.007177779,2
31,,Lifted ( feat . Emeli Sand ' © & Professor Green ),Naughty Boy,Hotel Cabana ( Deluxe Version ),"Pop , Music , Rock , R&B / Soul , Contemporary R&B , Dance,Electronic,Hip-Hop / Rap , Pop/Rock",$ 1.29,2013 Naughty Boy Recordings Ltd under exclusive licence to Virgin Records Ltd,4:15,6-May-14,Wonder [ feat . Emeli SandÌ © ],Naughty Boy,Hotel Cabana [ Explicit ],Pop,$ 1.29,2006 Focus on the Family,3:27,"May 6 , 2014","('rtable_CopyRight',)",['( C ) 2014 Naughty Boy Recordings Ltd under exclusive licence to Virgin Records Ltd'],['2006 Focus on the Family'],0,0,0.5870311,0.4129688,2
32,,Lifted ( feat . Emeli Sand ' © & Professor Green ),Naughty Boy,Hotel Cabana ( Deluxe Version ),"Pop , Music , Rock , R&B / Soul , Contemporary R&B , Dance,Electronic,Hip-Hop / Rap , Pop/Rock",$ 1.29,2013 Naughty Boy Recordings Ltd under exclusive licence to Virgin Records Ltd,4:15,6-May-14,Wonder [ feat . Emeli SandÌ © ],Naughty Boy,Hotel Cabana [ Explicit ],Pop,$ 1.29,( C ) 2014 Naughty Boy Recordings Ltd under exclusive licence to Virgin Records Ltd,22:04,"May 6 , 2014","('rtable_Time',)",['3:27'],['22:04'],0,0,0.9864515,0.013548453,2
33,,Lifted ( feat . Emeli Sand ' © & Professor Green ),Naughty Boy,Hotel Cabana ( Deluxe Version ),"Pop , Music , Rock , R&B / Soul , Contemporary R&B , Dance,Electronic,Hip-Hop / Rap , Pop/Rock",$ 1.29,2013 Naughty Boy Recordings Ltd under exclusive licence to Virgin Records Ltd,4:15,6-May-14,Wonder [ feat . Emeli SandÌ © ],Naughty Boy,Hotel Cabana [ Explicit ],Pop,$ 1.29,( C ) 2014 Naughty Boy Recordings Ltd under exclusive licence to Virgin Records Ltd,3:27,"December 9 , 2001","('rtable_Released',)","['May 6 , 2014']","['December 9 , 2001']",0,0,0.93352187,0.06647807,2
34,,Lifted ( feat . Emeli Sand ' © & Professor Green ),Naughty Boy,Hotel Cabana ( Deluxe Version ),"Pop , Music , Rock , R&B / Soul , Contemporary R&B , Dance,Electronic,Hip-Hop / Rap , Pop/Rock",$ 1.29,2013 Naughty Boy Recordings Ltd under exclusive licence to Virgin Records Ltd,4:15,6-May-14,427 : Something Cliqued Between Us,Naughty Boy,Hotel Cabana [ Explicit ],Pop,$ 1.29,( C ) 2014 Naughty Boy Recordings Ltd under exclusive licence to Virgin Records Ltd,3:27,"May 6 , 2014","('rtable_Song_Name',)",['Wonder [ feat . Emeli SandÌ © ]'],['427 : Something Cliqued Between Us'],0,0,0.97063655,0.029363478,2
35,,Lifted ( feat . Emeli Sand ' © & Professor Green ),Naughty Boy,Hotel Cabana ( Deluxe Version ),"Pop , Music , Rock , R&B / Soul , Contemporary R&B , Dance,Electronic,Hip-Hop / Rap , Pop/Rock",$ 1.29,2013 Naughty Boy Recordings Ltd under exclusive licence to Virgin Records Ltd,4:15,6-May-14,Wonder [ feat . Emeli SandÌ © ],Adventures in Odyssey,Hotel Cabana [ Explicit ],Pop,$ 1.29,( C ) 2014 Naughty Boy Recordings Ltd under exclusive licence to Virgin Records Ltd,3:27,"May 6 , 2014","('rtable_Artist_Name',)",['Naughty Boy'],['Adventures in Odyssey'],0,0,0.90207577,0.097924255,2
36,,Lifted ( feat . Emeli Sand ' © & Professor Green ),Naughty Boy,Hotel Cabana ( Deluxe Version ),"Pop , Music , Rock , R&B / Soul , Contemporary R&B , Dance,Electronic,Hip-Hop / Rap , Pop/Rock",$ 1.29,2013 Naughty Boy Recordings Ltd under exclusive licence to Virgin Records Ltd,4:15,6-May-14,Wonder [ feat . Emeli SandÌ © ],Naughty Boy,# 33 : Virtual Realities,Pop,$ 1.29,( C ) 2014 Naughty Boy Recordings Ltd under exclusive licence to Virgin Records Ltd,3:27,"May 6 , 2014","('rtable_Album_Name',)",['Hotel Cabana [ Explicit ]'],['# 33 : Virtual Realities'],0,0,0.82927495,0.17072508,2
37,,Lifted ( feat . Emeli Sand ' © & Professor Green ),Naughty Boy,Hotel Cabana ( Deluxe Version ),"Pop , Music , Rock , R&B / Soul , Contemporary R&B , Dance,Electronic,Hip-Hop / Rap , Pop/Rock",$ 1.29,2013 Naughty Boy Recordings Ltd under exclusive licence to Virgin Records Ltd,4:15,6-May-14,Wonder [ feat . Emeli SandÌ © ],Naughty Boy,Hotel Cabana [ Explicit ],Pop,$ 1.29,2000 Focus on the Family,3:27,"May 6 , 2014","('rtable_CopyRight',)",['( C ) 2014 Naughty Boy Recordings Ltd under exclusive licence to Virgin Records Ltd'],['2000 Focus on the Family'],0,0,0.5890864,0.4109136,2
38,,Lifted ( feat . Emeli Sand ' © & Professor Green ),Naughty Boy,Hotel Cabana ( Deluxe Version ),"Pop , Music , Rock , R&B / Soul , Contemporary R&B , Dance,Electronic,Hip-Hop / Rap , Pop/Rock",$ 1.29,2013 Naughty Boy Recordings Ltd under exclusive licence to Virgin Records Ltd,4:15,6-May-14,Wonder [ feat . Emeli SandÌ © ],Naughty Boy,Hotel Cabana [ Explicit ],Pop,$ 1.29,( C ) 2014 Naughty Boy Recordings Ltd under exclusive licence to Virgin Records Ltd,22:05,"May 6 , 2014","('rtable_Time',)",['3:27'],['22:05'],0,0,0.9832644,0.016735623,2
39,,Lifted ( feat . Emeli Sand ' © & Professor Green ),Naughty Boy,Hotel Cabana ( Deluxe Version ),"Pop , Music , Rock , R&B / Soul , Contemporary R&B , Dance,Electronic,Hip-Hop / Rap , Pop/Rock",$ 1.29,2013 Naughty Boy Recordings Ltd under exclusive licence to Virgin Records Ltd,4:15,6-May-14,Wonder [ feat . Emeli SandÌ © ],Naughty Boy,Hotel Cabana [ Explicit ],Pop,$ 1.29,( C ) 2014 Naughty Boy Recordings Ltd under exclusive licence to Virgin Records Ltd,3:27,"December 9 , 2001","('rtable_Released',)","['May 6 , 2014']","['December 9 , 2001']",0,0,0.93352187,0.06647807,2
40,,Lifted ( feat . Emeli Sand ' © & Professor Green ),Naughty Boy,Hotel Cabana ( Deluxe Version ),"Pop , Music , Rock , R&B / Soul , Contemporary R&B , Dance,Electronic,Hip-Hop / Rap , Pop/Rock",$ 1.29,2013 Naughty Boy Recordings Ltd under exclusive licence to Virgin Records Ltd,4:15,6-May-14,343 : The Pretty Good Samaritan,Naughty Boy,Hotel Cabana [ Explicit ],Pop,$ 1.29,( C ) 2014 Naughty Boy Recordings Ltd under exclusive licence to Virgin Records Ltd,3:27,"May 6 , 2014","('rtable_Song_Name',)",['Wonder [ feat . Emeli SandÌ © ]'],['343 : The Pretty Good Samaritan'],0,0,0.97280836,0.027191715,2
41,,Lifted ( feat . Emeli Sand ' © & Professor Green ),Naughty Boy,Hotel Cabana ( Deluxe Version ),"Pop , Music , Rock , R&B / Soul , Contemporary R&B , Dance,Electronic,Hip-Hop / Rap , Pop/Rock",$ 1.29,2013 Naughty Boy Recordings Ltd under exclusive licence to Virgin Records Ltd,4:15,6-May-14,Wonder [ feat . Emeli SandÌ © ],Adventures in Odyssey,Hotel Cabana [ Explicit ],Pop,$ 1.29,( C ) 2014 Naughty Boy Recordings Ltd under exclusive licence to Virgin Records Ltd,3:27,"May 6 , 2014","('rtable_Artist_Name',)",['Naughty Boy'],['Adventures in Odyssey'],0,0,0.90207577,0.097924255,2
42,,Lifted ( feat . Emeli Sand ' © & Professor Green ),Naughty Boy,Hotel Cabana ( Deluxe Version ),"Pop , Music , Rock , R&B / Soul , Contemporary R&B , Dance,Electronic,Hip-Hop / Rap , Pop/Rock",$ 1.29,2013 Naughty Boy Recordings Ltd under exclusive licence to Virgin Records Ltd,4:15,6-May-14,Wonder [ feat . Emeli SandÌ © ],Naughty Boy,# 26 : Back on the Air,Pop,$ 1.29,( C ) 2014 Naughty Boy Recordings Ltd under exclusive licence to Virgin Records Ltd,3:27,"May 6 , 2014","('rtable_Album_Name',)",['Hotel Cabana [ Explicit ]'],['# 26 : Back on the Air'],0,0,0.9476517,0.05234827,2
43,,Lifted ( feat . Emeli Sand ' © & Professor Green ),Naughty Boy,Hotel Cabana ( Deluxe Version ),"Pop , Music , Rock , R&B / Soul , Contemporary R&B , Dance,Electronic,Hip-Hop / Rap , Pop/Rock",$ 1.29,2013 Naughty Boy Recordings Ltd under exclusive licence to Virgin Records Ltd,4:15,6-May-14,Wonder [ feat . Emeli SandÌ © ],Naughty Boy,Hotel Cabana [ Explicit ],Pop,$ 1.29,1996 Focus on the Family,3:27,"May 6 , 2014","('rtable_CopyRight',)",['( C ) 2014 Naughty Boy Recordings Ltd under exclusive licence to Virgin Records Ltd'],['1996 Focus on the Family'],0,0,0.5867334,0.4132666,2
44,,Lifted ( feat . Emeli Sand ' © & Professor Green ),Naughty Boy,Hotel Cabana ( Deluxe Version ),"Pop , Music , Rock , R&B / Soul , Contemporary R&B , Dance,Electronic,Hip-Hop / Rap , Pop/Rock",$ 1.29,2013 Naughty Boy Recordings Ltd under exclusive licence to Virgin Records Ltd,4:15,6-May-14,Wonder [ feat . Emeli SandÌ © ],Naughty Boy,Hotel Cabana [ Explicit ],Pop,$ 1.29,( C ) 2014 Naughty Boy Recordings Ltd under exclusive licence to Virgin Records Ltd,21:52,"May 6 , 2014","('rtable_Time',)",['3:27'],['21:52'],0,0,0.97907513,0.02092491,2
45,,Lifted ( feat . Emeli Sand ' © & Professor Green ),Naughty Boy,Hotel Cabana ( Deluxe Version ),"Pop , Music , Rock , R&B / Soul , Contemporary R&B , Dance,Electronic,Hip-Hop / Rap , Pop/Rock",$ 1.29,2013 Naughty Boy Recordings Ltd under exclusive licence to Virgin Records Ltd,4:15,6-May-14,Wonder [ feat . Emeli SandÌ © ],Naughty Boy,Hotel Cabana [ Explicit ],Pop,$ 1.29,( C ) 2014 Naughty Boy Recordings Ltd under exclusive licence to Virgin Records Ltd,3:27,"December 9 , 2001","('rtable_Released',)","['May 6 , 2014']","['December 9 , 2001']",0,0,0.93352187,0.06647807,2
46,,Lifted ( feat . Emeli Sand ' © & Professor Green ),Naughty Boy,Hotel Cabana ( Deluxe Version ),"Pop , Music , Rock , R&B / Soul , Contemporary R&B , Dance,Electronic,Hip-Hop / Rap , Pop/Rock",$ 1.29,2013 Naughty Boy Recordings Ltd under exclusive licence to Virgin Records Ltd,4:15,6-May-14,409 : Natural Born Leader,Naughty Boy,Hotel Cabana [ Explicit ],Pop,$ 1.29,( C ) 2014 Naughty Boy Recordings Ltd under exclusive licence to Virgin Records Ltd,3:27,"May 6 , 2014","('rtable_Song_Name',)",['Wonder [ feat . Emeli SandÌ © ]'],['409 : Natural Born Leader'],0,0,0.9768708,0.023129212,2
47,,Lifted ( feat . Emeli Sand ' © & Professor Green ),Naughty Boy,Hotel Cabana ( Deluxe Version ),"Pop , Music , Rock , R&B / Soul , Contemporary R&B , Dance,Electronic,Hip-Hop / Rap , Pop/Rock",$ 1.29,2013 Naughty Boy Recordings Ltd under exclusive licence to Virgin Records Ltd,4:15,6-May-14,Wonder [ feat . Emeli SandÌ © ],Adventures in Odyssey,Hotel Cabana [ Explicit ],Pop,$ 1.29,( C ) 2014 Naughty Boy Recordings Ltd under exclusive licence to Virgin Records Ltd,3:27,"May 6 , 2014","('rtable_Artist_Name',)",['Naughty Boy'],['Adventures in Odyssey'],0,0,0.90207577,0.097924255,2
48,,Lifted ( feat . Emeli Sand ' © & Professor Green ),Naughty Boy,Hotel Cabana ( Deluxe Version ),"Pop , Music , Rock , R&B / Soul , Contemporary R&B , Dance,Electronic,Hip-Hop / Rap , Pop/Rock",$ 1.29,2013 Naughty Boy Recordings Ltd under exclusive licence to Virgin Records Ltd,4:15,6-May-14,Wonder [ feat . Emeli SandÌ © ],Naughty Boy,# 31 : Days to Remember,Pop,$ 1.29,( C ) 2014 Naughty Boy Recordings Ltd under exclusive licence to Virgin Records Ltd,3:27,"May 6 , 2014","('rtable_Album_Name',)",['Hotel Cabana [ Explicit ]'],['# 31 : Days to Remember'],0,0,0.86799675,0.13200326,2
49,,Lifted ( feat . Emeli Sand ' © & Professor Green ),Naughty Boy,Hotel Cabana ( Deluxe Version ),"Pop , Music , Rock , R&B / Soul , Contemporary R&B , Dance,Electronic,Hip-Hop / Rap , Pop/Rock",$ 1.29,2013 Naughty Boy Recordings Ltd under exclusive licence to Virgin Records Ltd,4:15,6-May-14,Wonder [ feat . Emeli SandÌ © ],Naughty Boy,Hotel Cabana [ Explicit ],Pop,$ 1.29,1998 Focus on the Family,3:27,"May 6 , 2014","('rtable_CopyRight',)",['( C ) 2014 Naughty Boy Recordings Ltd under exclusive licence to Virgin Records Ltd'],['1998 Focus on the Family'],0,0,0.52044106,0.47955894,2
50,,Lifted ( feat . Emeli Sand ' © & Professor Green ),Naughty Boy,Hotel Cabana ( Deluxe Version ),"Pop , Music , Rock , R&B / Soul , Contemporary R&B , Dance,Electronic,Hip-Hop / Rap , Pop/Rock",$ 1.29,2013 Naughty Boy Recordings Ltd under exclusive licence to Virgin Records Ltd,4:15,6-May-14,Wonder [ feat . Emeli SandÌ © ],Naughty Boy,Hotel Cabana [ Explicit ],Pop,$ 1.29,( C ) 2014 Naughty Boy Recordings Ltd under exclusive licence to Virgin Records Ltd,25:30:00,"May 6 , 2014","('rtable_Time',)",['3:27'],['25:30:00'],0,0,0.975343,0.024657074,2
51,,Lifted ( feat . Emeli Sand ' © & Professor Green ),Naughty Boy,Hotel Cabana ( Deluxe Version ),"Pop , Music , Rock , R&B / Soul , Contemporary R&B , Dance,Electronic,Hip-Hop / Rap , Pop/Rock",$ 1.29,2013 Naughty Boy Recordings Ltd under exclusive licence to Virgin Records Ltd,4:15,6-May-14,Wonder [ feat . Emeli SandÌ © ],Naughty Boy,Hotel Cabana [ Explicit ],Pop,$ 1.29,( C ) 2014 Naughty Boy Recordings Ltd under exclusive licence to Virgin Records Ltd,3:27,"December 9 , 2001","('rtable_Released',)","['May 6 , 2014']","['December 9 , 2001']",0,0,0.93352187,0.06647807,2
52,,Lifted ( feat . Emeli Sand ' © & Professor Green ),Naughty Boy,Hotel Cabana ( Deluxe Version ),"Pop , Music , Rock , R&B / Soul , Contemporary R&B , Dance,Electronic,Hip-Hop / Rap , Pop/Rock",$ 1.29,2013 Naughty Boy Recordings Ltd under exclusive licence to Virgin Records Ltd,4:15,6-May-14,"340 : Pokenberry Falls , R.F.D. , Part 1 of 2",Naughty Boy,Hotel Cabana [ Explicit ],Pop,$ 1.29,( C ) 2014 Naughty Boy Recordings Ltd under exclusive licence to Virgin Records Ltd,3:27,"May 6 , 2014","('rtable_Song_Name',)",['Wonder [ feat . Emeli SandÌ © ]'],"['340 : Pokenberry Falls , R.F.D. , Part 1 of 2']",0,0,0.977652,0.02234798,2
53,,Lifted ( feat . Emeli Sand ' © & Professor Green ),Naughty Boy,Hotel Cabana ( Deluxe Version ),"Pop , Music , Rock , R&B / Soul , Contemporary R&B , Dance,Electronic,Hip-Hop / Rap , Pop/Rock",$ 1.29,2013 Naughty Boy Recordings Ltd under exclusive licence to Virgin Records Ltd,4:15,6-May-14,Wonder [ feat . Emeli SandÌ © ],Adventures in Odyssey,Hotel Cabana [ Explicit ],Pop,$ 1.29,( C ) 2014 Naughty Boy Recordings Ltd under exclusive licence to Virgin Records Ltd,3:27,"May 6 , 2014","('rtable_Artist_Name',)",['Naughty Boy'],['Adventures in Odyssey'],0,0,0.90207577,0.097924255,2
54,,Lifted ( feat . Emeli Sand ' © & Professor Green ),Naughty Boy,Hotel Cabana ( Deluxe Version ),"Pop , Music , Rock , R&B / Soul , Contemporary R&B , Dance,Electronic,Hip-Hop / Rap , Pop/Rock",$ 1.29,2013 Naughty Boy Recordings Ltd under exclusive licence to Virgin Records Ltd,4:15,6-May-14,Wonder [ feat . Emeli SandÌ © ],Naughty Boy,# 26 : Back on the Air,Pop,$ 1.29,( C ) 2014 Naughty Boy Recordings Ltd under exclusive licence to Virgin Records Ltd,3:27,"May 6 , 2014","('rtable_Album_Name',)",['Hotel Cabana [ Explicit ]'],['# 26 : Back on the Air'],0,0,0.9476517,0.05234827,2
55,,Lifted ( feat . Emeli Sand ' © & Professor Green ),Naughty Boy,Hotel Cabana ( Deluxe Version ),"Pop , Music , Rock , R&B / Soul , Contemporary R&B , Dance,Electronic,Hip-Hop / Rap , Pop/Rock",$ 1.29,2013 Naughty Boy Recordings Ltd under exclusive licence to Virgin Records Ltd,4:15,6-May-14,Wonder [ feat . Emeli SandÌ © ],Naughty Boy,Hotel Cabana [ Explicit ],Pop,$ 1.29,1996 Focus on the Family,3:27,"May 6 , 2014","('rtable_CopyRight',)",['( C ) 2014 Naughty Boy Recordings Ltd under exclusive licence to Virgin Records Ltd'],['1996 Focus on the Family'],0,0,0.5867334,0.4132666,2
30,,Lifted ( feat . Emeli Sand ' © & Professor Green ),Naughty Boy,Hotel Cabana ( Deluxe Version ),"Pop , Music , Rock , R&B / Soul , Contemporary R&B , Dance,Electronic,Hip-Hop / Rap , Pop/Rock",$ 1.29,2013 Naughty Boy Recordings Ltd under exclusive licence to Virgin Records Ltd,4:15,6-May-14,Wonder [ feat . Emeli SandÌ © ],Naughty Boy,# 13 : It All Started When ...,Pop,$ 1.29,( C ) 2014 Naughty Boy Recordings Ltd under exclusive licence to Virgin Records Ltd,3:27,"May 6 , 2014","('rtable_Album_Name',)",['Hotel Cabana [ Explicit ]'],['# 13 : It All Started When ...'],0,0,0.6973616,0.3026384,2
29,,Lifted ( feat . Emeli Sand ' © & Professor Green ),Naughty Boy,Hotel Cabana ( Deluxe Version ),"Pop , Music , Rock , R&B / Soul , Contemporary R&B , Dance,Electronic,Hip-Hop / Rap , Pop/Rock",$ 1.29,2013 Naughty Boy Recordings Ltd under exclusive licence to Virgin Records Ltd,4:15,6-May-14,Wonder [ feat . Emeli SandÌ © ],Adventures in Odyssey,Hotel Cabana [ Explicit ],Pop,$ 1.29,( C ) 2014 Naughty Boy Recordings Ltd under exclusive licence to Virgin Records Ltd,3:27,"May 6 , 2014","('rtable_Artist_Name',)",['Naughty Boy'],['Adventures in Odyssey'],0,0,0.90207577,0.097924255,2
28,,Lifted ( feat . Emeli Sand ' © & Professor Green ),Naughty Boy,Hotel Cabana ( Deluxe Version ),"Pop , Music , Rock , R&B / Soul , Contemporary R&B , Dance,Electronic,Hip-Hop / Rap , Pop/Rock",$ 1.29,2013 Naughty Boy Recordings Ltd under exclusive licence to Virgin Records Ltd,4:15,6-May-14,167 : Dobson Comes to Town,Naughty Boy,Hotel Cabana [ Explicit ],Pop,$ 1.29,( C ) 2014 Naughty Boy Recordings Ltd under exclusive licence to Virgin Records Ltd,3:27,"May 6 , 2014","('rtable_Song_Name',)",['Wonder [ feat . Emeli SandÌ © ]'],['167 : Dobson Comes to Town'],0,0,0.9831281,0.016871959,2
27,,Lifted ( feat . Emeli Sand ' © & Professor Green ),Naughty Boy,Hotel Cabana ( Deluxe Version ),"Pop , Music , Rock , R&B / Soul , Contemporary R&B , Dance,Electronic,Hip-Hop / Rap , Pop/Rock",$ 1.29,2013 Naughty Boy Recordings Ltd under exclusive licence to Virgin Records Ltd,4:15,6-Aug-13,Wonder [ feat . Emeli SandÌ © ],Naughty Boy,Hotel Cabana [ Explicit ],Pop,$ 1.29,( C ) 2014 Naughty Boy Recordings Ltd under exclusive licence to Virgin Records Ltd,3:27,"May 6 , 2014","('ltable_Released',)",['6-May-14'],['6-Aug-13'],0,0,0.6780688,0.3219312,2
1,,Lifted ( feat . Emeli Sand ' © & Professor Green ),Lana Del Rey,Hotel Cabana ( Deluxe Version ),"Pop , Music , Rock , R&B / Soul , Contemporary R&B , Dance,Electronic,Hip-Hop / Rap , Pop/Rock",$ 1.29,2013 Naughty Boy Recordings Ltd under exclusive licence to Virgin Records Ltd,4:15,6-May-14,Wonder [ feat . Emeli SandÌ © ],Naughty Boy,Hotel Cabana [ Explicit ],Pop,$ 1.29,( C ) 2014 Naughty Boy Recordings Ltd under exclusive licence to Virgin Records Ltd,3:27,"May 6 , 2014","('ltable_Artist_Name',)",['Naughty Boy'],['Lana Del Rey'],0,0,0.93550116,0.06449886,2
2,,Lifted ( feat . Emeli Sand ' © & Professor Green ),Naughty Boy,Born To Die,"Pop , Music , Rock , R&B / Soul , Contemporary R&B , Dance,Electronic,Hip-Hop / Rap , Pop/Rock",$ 1.29,2013 Naughty Boy Recordings Ltd under exclusive licence to Virgin Records Ltd,4:15,6-May-14,Wonder [ feat . Emeli SandÌ © ],Naughty Boy,Hotel Cabana [ Explicit ],Pop,$ 1.29,( C ) 2014 Naughty Boy Recordings Ltd under exclusive licence to Virgin Records Ltd,3:27,"May 6 , 2014","('ltable_Album_Name',)",['Hotel Cabana ( Deluxe Version )'],['Born To Die'],0,0,0.94432354,0.0556765,2
3,,Lifted ( feat . Emeli Sand ' © & Professor Green ),Naughty Boy,Hotel Cabana ( Deluxe Version ),"Pop , Music , Rock , R&B / Soul , Contemporary R&B , Dance,Electronic,Hip-Hop / Rap , Pop/Rock",$ 1.29,2013 Naughty Boy Recordings Ltd under exclusive licence to Virgin Records Ltd,4:00,6-May-14,Wonder [ feat . Emeli SandÌ © ],Naughty Boy,Hotel Cabana [ Explicit ],Pop,$ 1.29,( C ) 2014 Naughty Boy Recordings Ltd under exclusive licence to Virgin Records Ltd,3:27,"May 6 , 2014","('ltable_Time',)",['4:15'],['4:00'],0,0,0.9734933,0.02650673,2
4,,Lifted ( feat . Emeli Sand ' © & Professor Green ),Naughty Boy,Hotel Cabana ( Deluxe Version ),"Pop , Music , Rock , R&B / Soul , Contemporary R&B , Dance,Electronic,Hip-Hop / Rap , Pop/Rock",$ 1.29,2013 Naughty Boy Recordings Ltd under exclusive licence to Virgin Records Ltd,4:15,6-Aug-13,Wonder [ feat . Emeli SandÌ © ],Naughty Boy,Hotel Cabana [ Explicit ],Pop,$ 1.29,( C ) 2014 Naughty Boy Recordings Ltd under exclusive licence to Virgin Records Ltd,3:27,"May 6 , 2014","('ltable_Released',)",['6-May-14'],['6-Aug-13'],0,0,0.6780688,0.3219312,2
5,,This Is What Makes Us Girls,Naughty Boy,Hotel Cabana ( Deluxe Version ),"Pop , Music , Rock , R&B / Soul , Contemporary R&B , Dance,Electronic,Hip-Hop / Rap , Pop/Rock",$ 1.29,2013 Naughty Boy Recordings Ltd under exclusive licence to Virgin Records Ltd,4:15,6-May-14,Wonder [ feat . Emeli SandÌ © ],Naughty Boy,Hotel Cabana [ Explicit ],Pop,$ 1.29,( C ) 2014 Naughty Boy Recordings Ltd under exclusive licence to Virgin Records Ltd,3:27,"May 6 , 2014","('ltable_Song_Name',)","[""Lifted ( feat . Emeli Sand ' © & Professor Green )""]",['This Is What Makes Us Girls'],0,0,0.99282223,0.007177779,2
6,,Lifted ( feat . Emeli Sand ' © & Professor Green ),Lana Del Rey,Hotel Cabana ( Deluxe Version ),"Pop , Music , Rock , R&B / Soul , Contemporary R&B , Dance,Electronic,Hip-Hop / Rap , Pop/Rock",$ 1.29,2013 Naughty Boy Recordings Ltd under exclusive licence to Virgin Records Ltd,4:15,6-May-14,Wonder [ feat . Emeli SandÌ © ],Naughty Boy,Hotel Cabana [ Explicit ],Pop,$ 1.29,( C ) 2014 Naughty Boy Recordings Ltd under exclusive licence to Virgin Records Ltd,3:27,"May 6 , 2014","('ltable_Artist_Name',)",['Naughty Boy'],['Lana Del Rey'],0,0,0.93550116,0.06449886,2
7,,Lifted ( feat . Emeli Sand ' © & Professor Green ),Naughty Boy,Born To Die,"Pop , Music , Rock , R&B / Soul , Contemporary R&B , Dance,Electronic,Hip-Hop / Rap , Pop/Rock",$ 1.29,2013 Naughty Boy Recordings Ltd under exclusive licence to Virgin Records Ltd,4:15,6-May-14,Wonder [ feat . Emeli SandÌ © ],Naughty Boy,Hotel Cabana [ Explicit ],Pop,$ 1.29,( C ) 2014 Naughty Boy Recordings Ltd under exclusive licence to Virgin Records Ltd,3:27,"May 6 , 2014","('ltable_Album_Name',)",['Hotel Cabana ( Deluxe Version )'],['Born To Die'],0,0,0.94432354,0.0556765,2
8,,Lifted ( feat . Emeli Sand ' © & Professor Green ),Naughty Boy,Hotel Cabana ( Deluxe Version ),"Pop , Music , Rock , R&B / Soul , Contemporary R&B , Dance,Electronic,Hip-Hop / Rap , Pop/Rock",$ 1.29,2013 Naughty Boy Recordings Ltd under exclusive licence to Virgin Records Ltd,4:00,6-May-14,Wonder [ feat . Emeli SandÌ © ],Naughty Boy,Hotel Cabana [ Explicit ],Pop,$ 1.29,( C ) 2014 Naughty Boy Recordings Ltd under exclusive licence to Virgin Records Ltd,3:27,"May 6 , 2014","('ltable_Time',)",['4:15'],['4:00'],0,0,0.9734933,0.02650673,2
9,,Lifted ( feat . Emeli Sand ' © & Professor Green ),Naughty Boy,Hotel Cabana ( Deluxe Version ),"Pop , Music , Rock , R&B / Soul , Contemporary R&B , Dance,Electronic,Hip-Hop / Rap , Pop/Rock",$ 1.29,2013 Naughty Boy Recordings Ltd under exclusive licence to Virgin Records Ltd,4:15,6-Aug-13,Wonder [ feat . Emeli SandÌ © ],Naughty Boy,Hotel Cabana [ Explicit ],Pop,$ 1.29,( C ) 2014 Naughty Boy Recordings Ltd under exclusive licence to Virgin Records Ltd,3:27,"May 6 , 2014","('ltable_Released',)",['6-May-14'],['6-Aug-13'],0,0,0.6780688,0.3219312,2
10,,West Coast ( MK Remix ),Naughty Boy,Hotel Cabana ( Deluxe Version ),"Pop , Music , Rock , R&B / Soul , Contemporary R&B , Dance,Electronic,Hip-Hop / Rap , Pop/Rock",$ 1.29,2013 Naughty Boy Recordings Ltd under exclusive licence to Virgin Records Ltd,4:15,6-May-14,Wonder [ feat . Emeli SandÌ © ],Naughty Boy,Hotel Cabana [ Explicit ],Pop,$ 1.29,( C ) 2014 Naughty Boy Recordings Ltd under exclusive licence to Virgin Records Ltd,3:27,"May 6 , 2014","('ltable_Song_Name',)","[""Lifted ( feat . Emeli Sand ' © & Professor Green )""]",['West Coast ( MK Remix )'],0,0,0.99361426,0.006385773,2
11,,Lifted ( feat . Emeli Sand ' © & Professor Green ),Lana Del Rey,Hotel Cabana ( Deluxe Version ),"Pop , Music , Rock , R&B / Soul , Contemporary R&B , Dance,Electronic,Hip-Hop / Rap , Pop/Rock",$ 1.29,2013 Naughty Boy Recordings Ltd under exclusive licence to Virgin Records Ltd,4:15,6-May-14,Wonder [ feat . Emeli SandÌ © ],Naughty Boy,Hotel Cabana [ Explicit ],Pop,$ 1.29,( C ) 2014 Naughty Boy Recordings Ltd under exclusive licence to Virgin Records Ltd,3:27,"May 6 , 2014","('ltable_Artist_Name',)",['Naughty Boy'],['Lana Del Rey'],0,0,0.93550116,0.06449886,2
12,,Lifted ( feat . Emeli Sand ' © & Professor Green ),Naughty Boy,West Coast ( Remix EP ),"Pop , Music , Rock , R&B / Soul , Contemporary R&B , Dance,Electronic,Hip-Hop / Rap , Pop/Rock",$ 1.29,2013 Naughty Boy Recordings Ltd under exclusive licence to Virgin Records Ltd,4:15,6-May-14,Wonder [ feat . Emeli SandÌ © ],Naughty Boy,Hotel Cabana [ Explicit ],Pop,$ 1.29,( C ) 2014 Naughty Boy Recordings Ltd under exclusive licence to Virgin Records Ltd,3:27,"May 6 , 2014","('ltable_Album_Name',)",['Hotel Cabana ( Deluxe Version )'],['West Coast ( Remix EP )'],0,0,0.9294701,0.07052989,2
56,,Lifted ( feat . Emeli Sand ' © & Professor Green ),Naughty Boy,Hotel Cabana ( Deluxe Version ),"Pop , Music , Rock , R&B / Soul , Contemporary R&B , Dance,Electronic,Hip-Hop / Rap , Pop/Rock",$ 1.29,2013 Naughty Boy Recordings Ltd under exclusive licence to Virgin Records Ltd,4:15,6-May-14,Wonder [ feat . Emeli SandÌ © ],Naughty Boy,Hotel Cabana [ Explicit ],Pop,$ 1.29,( C ) 2014 Naughty Boy Recordings Ltd under exclusive licence to Virgin Records Ltd,24:43:00,"May 6 , 2014","('rtable_Time',)",['3:27'],['24:43:00'],0,0,0.96801347,0.031986542,2
13,,Lifted ( feat . Emeli Sand ' © & Professor Green ),Naughty Boy,Hotel Cabana ( Deluxe Version ),"Alternative , Music , Rock",$ 1.29,2013 Naughty Boy Recordings Ltd under exclusive licence to Virgin Records Ltd,4:15,6-May-14,Wonder [ feat . Emeli SandÌ © ],Naughty Boy,Hotel Cabana [ Explicit ],Pop,$ 1.29,( C ) 2014 Naughty Boy Recordings Ltd under exclusive licence to Virgin Records Ltd,3:27,"May 6 , 2014","('ltable_Genre',)","['Pop , Music , Rock , R&B / Soul , Contemporary R&B , Dance,Electronic,Hip-Hop / Rap , Pop/Rock']","['Alternative , Music , Rock']",0,0,0.5883589,0.41164106,2
15,,Lifted ( feat . Emeli Sand ' © & Professor Green ),Naughty Boy,Hotel Cabana ( Deluxe Version ),"Pop , Music , Rock , R&B / Soul , Contemporary R&B , Dance,Electronic,Hip-Hop / Rap , Pop/Rock",$ 1.29,2013 Naughty Boy Recordings Ltd under exclusive licence to Virgin Records Ltd,4:15,13-Jul-14,Wonder [ feat . Emeli SandÌ © ],Naughty Boy,Hotel Cabana [ Explicit ],Pop,$ 1.29,( C ) 2014 Naughty Boy Recordings Ltd under exclusive licence to Virgin Records Ltd,3:27,"May 6 , 2014","('ltable_Released',)",['6-May-14'],['13-Jul-14'],0,0,0.69245285,0.30754715,2
16,,Addicted 2 the Bass ( EDM Euphoria 2013 Edit ) [ Daahype 's Trap VIP ],Naughty Boy,Hotel Cabana ( Deluxe Version ),"Pop , Music , Rock , R&B / Soul , Contemporary R&B , Dance,Electronic,Hip-Hop / Rap , Pop/Rock",$ 1.29,2013 Naughty Boy Recordings Ltd under exclusive licence to Virgin Records Ltd,4:15,6-May-14,Wonder [ feat . Emeli SandÌ © ],Naughty Boy,Hotel Cabana [ Explicit ],Pop,$ 1.29,( C ) 2014 Naughty Boy Recordings Ltd under exclusive licence to Virgin Records Ltd,3:27,"May 6 , 2014","('ltable_Song_Name',)","[""Lifted ( feat . Emeli Sand ' © & Professor Green )""]","[""Addicted 2 the Bass ( EDM Euphoria 2013 Edit ) [ Daahype 's Trap VIP ]""]",0,0,0.99467117,0.0053288247,2
17,,Lifted ( feat . Emeli Sand ' © & Professor Green ),Wideboys,Hotel Cabana ( Deluxe Version ),"Pop , Music , Rock , R&B / Soul , Contemporary R&B , Dance,Electronic,Hip-Hop / Rap , Pop/Rock",$ 1.29,2013 Naughty Boy Recordings Ltd under exclusive licence to Virgin Records Ltd,4:15,6-May-14,Wonder [ feat . Emeli SandÌ © ],Naughty Boy,Hotel Cabana [ Explicit ],Pop,$ 1.29,( C ) 2014 Naughty Boy Recordings Ltd under exclusive licence to Virgin Records Ltd,3:27,"May 6 , 2014","('ltable_Artist_Name',)",['Naughty Boy'],['Wideboys'],0,0,0.9320604,0.06793954,2
18,,Lifted ( feat . Emeli Sand ' © & Professor Green ),Naughty Boy,EDM Euphoria 2013,"Pop , Music , Rock , R&B / Soul , Contemporary R&B , Dance,Electronic,Hip-Hop / Rap , Pop/Rock",$ 1.29,2013 Naughty Boy Recordings Ltd under exclusive licence to Virgin Records Ltd,4:15,6-May-14,Wonder [ feat . Emeli SandÌ © ],Naughty Boy,Hotel Cabana [ Explicit ],Pop,$ 1.29,( C ) 2014 Naughty Boy Recordings Ltd under exclusive licence to Virgin Records Ltd,3:27,"May 6 , 2014","('ltable_Album_Name',)",['Hotel Cabana ( Deluxe Version )'],['EDM Euphoria 2013'],0,0,0.8555593,0.14444079,2
19,,Lifted ( feat . Emeli Sand ' © & Professor Green ),Naughty Boy,Hotel Cabana ( Deluxe Version ),"Dance , Music",$ 1.29,2013 Naughty Boy Recordings Ltd under exclusive licence to Virgin Records Ltd,4:15,6-May-14,Wonder [ feat . Emeli SandÌ © ],Naughty Boy,Hotel Cabana [ Explicit ],Pop,$ 1.29,( C ) 2014 Naughty Boy Recordings Ltd under exclusive licence to Virgin Records Ltd,3:27,"May 6 , 2014","('ltable_Genre',)","['Pop , Music , Rock , R&B / Soul , Contemporary R&B , Dance,Electronic,Hip-Hop / Rap , Pop/Rock']","['Dance , Music']",0,0,0.7529313,0.24706869,2
20,,Lifted ( feat . Emeli Sand ' © & Professor Green ),Naughty Boy,Hotel Cabana ( Deluxe Version ),"Pop , Music , Rock , R&B / Soul , Contemporary R&B , Dance,Electronic,Hip-Hop / Rap , Pop/Rock",$ 1.29,2013 Euphoria,4:15,6-May-14,Wonder [ feat . Emeli SandÌ © ],Naughty Boy,Hotel Cabana [ Explicit ],Pop,$ 1.29,( C ) 2014 Naughty Boy Recordings Ltd under exclusive licence to Virgin Records Ltd,3:27,"May 6 , 2014","('ltable_CopyRight',)",['2013 Naughty Boy Recordings Ltd under exclusive licence to Virgin Records Ltd'],['2013 Euphoria'],0,0,0.83536446,0.16463552,2
21,,Lifted ( feat . Emeli Sand ' © & Professor Green ),Naughty Boy,Hotel Cabana ( Deluxe Version ),"Pop , Music , Rock , R&B / Soul , Contemporary R&B , Dance,Electronic,Hip-Hop / Rap , Pop/Rock",$ 1.29,2013 Naughty Boy Recordings Ltd under exclusive licence to Virgin Records Ltd,3:11,6-May-14,Wonder [ feat . Emeli SandÌ © ],Naughty Boy,Hotel Cabana [ Explicit ],Pop,$ 1.29,( C ) 2014 Naughty Boy Recordings Ltd under exclusive licence to Virgin Records Ltd,3:27,"May 6 , 2014","('ltable_Time',)",['4:15'],['3:11'],0,0,0.9779052,0.022094822,2
22,,Lifted ( feat . Emeli Sand ' © & Professor Green ),Naughty Boy,Hotel Cabana ( Deluxe Version ),"Pop , Music , Rock , R&B / Soul , Contemporary R&B , Dance,Electronic,Hip-Hop / Rap , Pop/Rock",$ 1.29,2013 Naughty Boy Recordings Ltd under exclusive licence to Virgin Records Ltd,4:15,16-Sep-13,Wonder [ feat . Emeli SandÌ © ],Naughty Boy,Hotel Cabana [ Explicit ],Pop,$ 1.29,( C ) 2014 Naughty Boy Recordings Ltd under exclusive licence to Virgin Records Ltd,3:27,"May 6 , 2014","('ltable_Released',)",['6-May-14'],['16-Sep-13'],0,0,0.79955304,0.20044701,2
23,,This Is What Makes Us Girls,Naughty Boy,Hotel Cabana ( Deluxe Version ),"Pop , Music , Rock , R&B / Soul , Contemporary R&B , Dance,Electronic,Hip-Hop / Rap , Pop/Rock",$ 1.29,2013 Naughty Boy Recordings Ltd under exclusive licence to Virgin Records Ltd,4:15,6-May-14,Wonder [ feat . Emeli SandÌ © ],Naughty Boy,Hotel Cabana [ Explicit ],Pop,$ 1.29,( C ) 2014 Naughty Boy Recordings Ltd under exclusive licence to Virgin Records Ltd,3:27,"May 6 , 2014","('ltable_Song_Name',)","[""Lifted ( feat . Emeli Sand ' © & Professor Green )""]",['This Is What Makes Us Girls'],0,0,0.99282223,0.007177779,2
24,,Lifted ( feat . Emeli Sand ' © & Professor Green ),Lana Del Rey,Hotel Cabana ( Deluxe Version ),"Pop , Music , Rock , R&B / Soul , Contemporary R&B , Dance,Electronic,Hip-Hop / Rap , Pop/Rock",$ 1.29,2013 Naughty Boy Recordings Ltd under exclusive licence to Virgin Records Ltd,4:15,6-May-14,Wonder [ feat . Emeli SandÌ © ],Naughty Boy,Hotel Cabana [ Explicit ],Pop,$ 1.29,( C ) 2014 Naughty Boy Recordings Ltd under exclusive licence to Virgin Records Ltd,3:27,"May 6 , 2014","('ltable_Artist_Name',)",['Naughty Boy'],['Lana Del Rey'],0,0,0.93550116,0.06449886,2
25,,Lifted ( feat . Emeli Sand ' © & Professor Green ),Naughty Boy,Born To Die,"Pop , Music , Rock , R&B / Soul , Contemporary R&B , Dance,Electronic,Hip-Hop / Rap , Pop/Rock",$ 1.29,2013 Naughty Boy Recordings Ltd under exclusive licence to Virgin Records Ltd,4:15,6-May-14,Wonder [ feat . Emeli SandÌ © ],Naughty Boy,Hotel Cabana [ Explicit ],Pop,$ 1.29,( C ) 2014 Naughty Boy Recordings Ltd under exclusive licence to Virgin Records Ltd,3:27,"May 6 , 2014","('ltable_Album_Name',)",['Hotel Cabana ( Deluxe Version )'],['Born To Die'],0,0,0.94432354,0.0556765,2
26,,Lifted ( feat . Emeli Sand ' © & Professor Green ),Naughty Boy,Hotel Cabana ( Deluxe Version ),"Pop , Music , Rock , R&B / Soul , Contemporary R&B , Dance,Electronic,Hip-Hop / Rap , Pop/Rock",$ 1.29,2013 Naughty Boy Recordings Ltd under exclusive licence to Virgin Records Ltd,4:00,6-May-14,Wonder [ feat . Emeli SandÌ © ],Naughty Boy,Hotel Cabana [ Explicit ],Pop,$ 1.29,( C ) 2014 Naughty Boy Recordings Ltd under exclusive licence to Virgin Records Ltd,3:27,"May 6 , 2014","('ltable_Time',)",['4:15'],['4:00'],0,0,0.9734933,0.02650673,2
14,,Lifted ( feat . Emeli Sand ' © & Professor Green ),Naughty Boy,Hotel Cabana ( Deluxe Version ),"Pop , Music , Rock , R&B / Soul , Contemporary R&B , Dance,Electronic,Hip-Hop / Rap , Pop/Rock",$ 1.29,2013 Naughty Boy Recordings Ltd under exclusive licence to Virgin Records Ltd,5:26,6-May-14,Wonder [ feat . Emeli SandÌ © ],Naughty Boy,Hotel Cabana [ Explicit ],Pop,$ 1.29,( C ) 2014 Naughty Boy Recordings Ltd under exclusive licence to Virgin Records Ltd,3:27,"May 6 , 2014","('ltable_Time',)",['4:15'],['5:26'],0,0,0.99254733,0.0074527,2
57,,Lifted ( feat . Emeli Sand ' © & Professor Green ),Naughty Boy,Hotel Cabana ( Deluxe Version ),"Pop , Music , Rock , R&B / Soul , Contemporary R&B , Dance,Electronic,Hip-Hop / Rap , Pop/Rock",$ 1.29,2013 Naughty Boy Recordings Ltd under exclusive licence to Virgin Records Ltd,4:15,6-May-14,Wonder [ feat . Emeli SandÌ © ],Naughty Boy,Hotel Cabana [ Explicit ],Pop,$ 1.29,( C ) 2014 Naughty Boy Recordings Ltd under exclusive licence to Virgin Records Ltd,3:27,"December 9 , 2001","('rtable_Released',)","['May 6 , 2014']","['December 9 , 2001']",0,0,0.93352187,0.06647807,2
