,label,ltable_name,ltable_description,ltable_price,rtable_name,rtable_description,rtable_price,alteredAttributes,droppedValues,copiedValues,classes,labels,nomatch_score,match_score,attr_count
0,,lg 14 ' washer and dryer red pedestal with drawer wdp3r,garmin vehicle adjustable suction cup mount 0101082303 no installation required securely mounts your gps to dash black finish,,lg electronics wdp3 laundry pedestal with drawer blue,,,"('ltable_description',)","[""lg 14 ' washer and dryer red pedestal with drawer wdp3r each drawer has storage for laundry bottles , boxes and more provides easy access to front loading doors by raising the washer and dryer by 14 ' minimizes bending and stooping at doors red finish""]",['garmin vehicle adjustable suction cup mount 0101082303 no installation required securely mounts your gps to dash black finish'],0,0,0.98091996,0.01908006,2
96,,lg 14 ' washer and dryer red pedestal with drawer wdp3r,"lg 14 ' washer and dryer red pedestal with drawer wdp3r each drawer has storage for laundry bottles , boxes and more provides easy access to front loading doors by raising the washer and dryer by 14 ' minimizes bending and stooping at doors red finish",,lg electronics wdp3 laundry pedestal with drawer blue,8.1 megapixel 16:9 2x digital zoom 3 ' active matrix tft color lcd,213.72,"('rtable_description', 'rtable_price')","[nan, nan]","[""8.1 megapixel 16:9 2x digital zoom 3 ' active matrix tft color lcd"", 213.72]",0,0,0.99159396,0.0084060915,2
98,,lg 14 ' washer and dryer red pedestal with drawer wdp3r,"lg 14 ' washer and dryer red pedestal with drawer wdp3r each drawer has storage for laundry bottles , boxes and more provides easy access to front loading doors by raising the washer and dryer by 14 ' minimizes bending and stooping at doors red finish",,lg electronics wdp3 laundry pedestal with drawer blue,over-the-head,18.42,"('rtable_description', 'rtable_price')","[nan, nan]","['over-the-head', 18.42]",0,0,0.9376922,0.062307782,2
99,,lg 14 ' washer and dryer red pedestal with drawer wdp3r,"lg 14 ' washer and dryer red pedestal with drawer wdp3r each drawer has storage for laundry bottles , boxes and more provides easy access to front loading doors by raising the washer and dryer by 14 ' minimizes bending and stooping at doors red finish",,panasonic kx-tg8232b cordless phone,,,"('rtable_name',)",['lg electronics wdp3 laundry pedestal with drawer blue'],['panasonic kx-tg8232b cordless phone'],0,0,0.9862553,0.013744738,2
100,,lg 14 ' washer and dryer red pedestal with drawer wdp3r,"lg 14 ' washer and dryer red pedestal with drawer wdp3r each drawer has storage for laundry bottles , boxes and more provides easy access to front loading doors by raising the washer and dryer by 14 ' minimizes bending and stooping at doors red finish",,lg electronics wdp3 laundry pedestal with drawer blue,1 x phone line ( s ) black,,"('rtable_description',)",[nan],['1 x phone line ( s ) black'],0,0,0.8464207,0.1535793,2
101,,lg 14 ' washer and dryer red pedestal with drawer wdp3r,"lg 14 ' washer and dryer red pedestal with drawer wdp3r each drawer has storage for laundry bottles , boxes and more provides easy access to front loading doors by raising the washer and dryer by 14 ' minimizes bending and stooping at doors red finish",,panasonic kx-tg8232b cordless phone,1 x phone line ( s ) black,,"('rtable_name', 'rtable_description')","['lg electronics wdp3 laundry pedestal with drawer blue', nan]","['panasonic kx-tg8232b cordless phone', '1 x phone line ( s ) black']",0,0,0.98604345,0.013956577,2
102,,lg 14 ' washer and dryer red pedestal with drawer wdp3r,"lg 14 ' washer and dryer red pedestal with drawer wdp3r each drawer has storage for laundry bottles , boxes and more provides easy access to front loading doors by raising the washer and dryer by 14 ' minimizes bending and stooping at doors red finish",,panasonic kx-tg8232b cordless phone,,79.99,"('rtable_name', 'rtable_price')","['lg electronics wdp3 laundry pedestal with drawer blue', nan]","['panasonic kx-tg8232b cordless phone', 79.99]",0,0,0.9948255,0.0051745754,2
95,,lg 14 ' washer and dryer red pedestal with drawer wdp3r,"lg 14 ' washer and dryer red pedestal with drawer wdp3r each drawer has storage for laundry bottles , boxes and more provides easy access to front loading doors by raising the washer and dryer by 14 ' minimizes bending and stooping at doors red finish",,sony cyber-shot dsc-h10 digital camera black dsch10/b,,213.72,"('rtable_name', 'rtable_price')","['lg electronics wdp3 laundry pedestal with drawer blue', nan]","['sony cyber-shot dsc-h10 digital camera black dsch10/b', 213.72]",0,0,0.9934401,0.0065598846,2
103,,lg 14 ' washer and dryer red pedestal with drawer wdp3r,"lg 14 ' washer and dryer red pedestal with drawer wdp3r each drawer has storage for laundry bottles , boxes and more provides easy access to front loading doors by raising the washer and dryer by 14 ' minimizes bending and stooping at doors red finish",,lg electronics wdp3 laundry pedestal with drawer blue,1 x phone line ( s ) black,79.99,"('rtable_description', 'rtable_price')","[nan, nan]","['1 x phone line ( s ) black', 79.99]",0,0,0.9821232,0.017876813,2
105,,lg 14 ' washer and dryer red pedestal with drawer wdp3r,"lg 14 ' washer and dryer red pedestal with drawer wdp3r each drawer has storage for laundry bottles , boxes and more provides easy access to front loading doors by raising the washer and dryer by 14 ' minimizes bending and stooping at doors red finish",,linksys etherfast ezxs55w ethernet switch,5 x 10/100base-tx lan,,"('rtable_name', 'rtable_description')","['lg electronics wdp3 laundry pedestal with drawer blue', nan]","['linksys etherfast ezxs55w ethernet switch', '5 x 10/100base-tx lan']",0,0,0.9394098,0.06059024,2
106,,lg 14 ' washer and dryer red pedestal with drawer wdp3r,"lg 14 ' washer and dryer red pedestal with drawer wdp3r each drawer has storage for laundry bottles , boxes and more provides easy access to front loading doors by raising the washer and dryer by 14 ' minimizes bending and stooping at doors red finish",,linksys etherfast ezxs55w ethernet switch,,,"('rtable_name', 'rtable_price')","['lg electronics wdp3 laundry pedestal with drawer blue', nan]","['linksys etherfast ezxs55w ethernet switch', nan]",0,0,0.58138186,0.4186181,2
107,,lg 14 ' washer and dryer red pedestal with drawer wdp3r,"lg 14 ' washer and dryer red pedestal with drawer wdp3r each drawer has storage for laundry bottles , boxes and more provides easy access to front loading doors by raising the washer and dryer by 14 ' minimizes bending and stooping at doors red finish",,lg electronics wdp3 laundry pedestal with drawer blue,5 x 10/100base-tx lan,,"('rtable_description', 'rtable_price')","[nan, nan]","['5 x 10/100base-tx lan', nan]",0,0,0.8657909,0.13420914,2
108,,lg 14 ' washer and dryer red pedestal with drawer wdp3r,"lg 14 ' washer and dryer red pedestal with drawer wdp3r each drawer has storage for laundry bottles , boxes and more provides easy access to front loading doors by raising the washer and dryer by 14 ' minimizes bending and stooping at doors red finish",,lg electronics wdp3 laundry pedestal with drawer blue,"bd-r , dvd-rw , cd-rw , secure digital ( sd ) dvd video , cd-da , mp3 , wma , jpeg , divx 6 , pcm playback progressive scan",,"('rtable_description',)",[nan],"['bd-r , dvd-rw , cd-rw , secure digital ( sd ) dvd video , cd-da , mp3 , wma , jpeg , divx 6 , pcm playback progressive scan']",0,0,0.8913107,0.108689286,2
109,,lg 14 ' washer and dryer red pedestal with drawer wdp3r,"lg 14 ' washer and dryer red pedestal with drawer wdp3r each drawer has storage for laundry bottles , boxes and more provides easy access to front loading doors by raising the washer and dryer by 14 ' minimizes bending and stooping at doors red finish",,lg electronics wdp3 laundry pedestal with drawer blue,"bd-r , dvd-rw , cd-rw , secure digital ( sd ) dvd video , cd-da , mp3 , wma , jpeg , divx 6 , pcm playback progressive scan",,"('rtable_description', 'rtable_price')","[nan, nan]","['bd-r , dvd-rw , cd-rw , secure digital ( sd ) dvd video , cd-da , mp3 , wma , jpeg , divx 6 , pcm playback progressive scan', nan]",0,0,0.8092593,0.19074066,2
110,,lg 14 ' washer and dryer red pedestal with drawer wdp3r,"lg 14 ' washer and dryer red pedestal with drawer wdp3r each drawer has storage for laundry bottles , boxes and more provides easy access to front loading doors by raising the washer and dryer by 14 ' minimizes bending and stooping at doors red finish",,"samsung ln40a750 40 ' 1080p lcd hdtv 50,000:1 dynamic contrast ratio 4ms response time 120hz",,,"('rtable_name',)",['lg electronics wdp3 laundry pedestal with drawer blue'],"[""samsung ln40a750 40 ' 1080p lcd hdtv 50,000:1 dynamic contrast ratio 4ms response time 120hz""]",0,0,0.99262005,0.007380012,2
104,,lg 14 ' washer and dryer red pedestal with drawer wdp3r,"lg 14 ' washer and dryer red pedestal with drawer wdp3r each drawer has storage for laundry bottles , boxes and more provides easy access to front loading doors by raising the washer and dryer by 14 ' minimizes bending and stooping at doors red finish",,lg electronics wdp3 laundry pedestal with drawer blue,5 x 10/100base-tx lan,,"('rtable_description',)",[nan],['5 x 10/100base-tx lan'],0,0,0.97735894,0.022641102,2
94,,lg 14 ' washer and dryer red pedestal with drawer wdp3r,"lg 14 ' washer and dryer red pedestal with drawer wdp3r each drawer has storage for laundry bottles , boxes and more provides easy access to front loading doors by raising the washer and dryer by 14 ' minimizes bending and stooping at doors red finish",,sony cyber-shot dsc-h10 digital camera black dsch10/b,8.1 megapixel 16:9 2x digital zoom 3 ' active matrix tft color lcd,,"('rtable_name', 'rtable_description')","['lg electronics wdp3 laundry pedestal with drawer blue', nan]","['sony cyber-shot dsc-h10 digital camera black dsch10/b', ""8.1 megapixel 16:9 2x digital zoom 3 ' active matrix tft color lcd""]",0,0,0.7226605,0.27733958,2
93,,lg 14 ' washer and dryer red pedestal with drawer wdp3r,"lg 14 ' washer and dryer red pedestal with drawer wdp3r each drawer has storage for laundry bottles , boxes and more provides easy access to front loading doors by raising the washer and dryer by 14 ' minimizes bending and stooping at doors red finish",,lg electronics wdp3 laundry pedestal with drawer blue,8.1 megapixel 16:9 2x digital zoom 3 ' active matrix tft color lcd,,"('rtable_description',)",[nan],"[""8.1 megapixel 16:9 2x digital zoom 3 ' active matrix tft color lcd""]",0,0,0.9937355,0.006264507,2
92,,lg 14 ' washer and dryer red pedestal with drawer wdp3r,"lg 14 ' washer and dryer red pedestal with drawer wdp3r each drawer has storage for laundry bottles , boxes and more provides easy access to front loading doors by raising the washer and dryer by 14 ' minimizes bending and stooping at doors red finish",,sony cyber-shot dsc-h10 digital camera black dsch10/b,,,"('rtable_name',)",['lg electronics wdp3 laundry pedestal with drawer blue'],['sony cyber-shot dsc-h10 digital camera black dsch10/b'],0,0,0.9940696,0.0059304,2
76,,lg 14 ' washer and dryer red pedestal with drawer wdp3r,"lg 14 ' washer and dryer red pedestal with drawer wdp3r each drawer has storage for laundry bottles , boxes and more provides easy access to front loading doors by raising the washer and dryer by 14 ' minimizes bending and stooping at doors red finish",,canon vixia hf100 high definition digital camcorder 2708b001,,529.0,"('rtable_name', 'rtable_price')","['lg electronics wdp3 laundry pedestal with drawer blue', nan]","['canon vixia hf100 high definition digital camcorder 2708b001', 529.0]",0,0,0.9899894,0.010010546,2
77,,lg 14 ' washer and dryer red pedestal with drawer wdp3r,"lg 14 ' washer and dryer red pedestal with drawer wdp3r each drawer has storage for laundry bottles , boxes and more provides easy access to front loading doors by raising the washer and dryer by 14 ' minimizes bending and stooping at doors red finish",,lg electronics wdp3 laundry pedestal with drawer blue,canon vixia hf100 high definition camcorder,529.0,"('rtable_description', 'rtable_price')","[nan, nan]","['canon vixia hf100 high definition camcorder', 529.0]",0,0,0.9951938,0.0048061684,2
78,,lg 14 ' washer and dryer red pedestal with drawer wdp3r,"lg 14 ' washer and dryer red pedestal with drawer wdp3r each drawer has storage for laundry bottles , boxes and more provides easy access to front loading doors by raising the washer and dryer by 14 ' minimizes bending and stooping at doors red finish",,"samsung ln52a550 52 ' widescreen 1080p lcd hdtv 30,000:1 dynamic contrast ratio 5ms response time piano black",,,"('rtable_name',)",['lg electronics wdp3 laundry pedestal with drawer blue'],"[""samsung ln52a550 52 ' widescreen 1080p lcd hdtv 30,000:1 dynamic contrast ratio 5ms response time piano black""]",0,0,0.9107005,0.089299485,2
79,,lg 14 ' washer and dryer red pedestal with drawer wdp3r,"lg 14 ' washer and dryer red pedestal with drawer wdp3r each drawer has storage for laundry bottles , boxes and more provides easy access to front loading doors by raising the washer and dryer by 14 ' minimizes bending and stooping at doors red finish",,lg electronics wdp3 laundry pedestal with drawer blue,,1579.0,"('rtable_price',)",[nan],[1579.0],0,0,0.79829025,0.20170979,2
80,,lg 14 ' washer and dryer red pedestal with drawer wdp3r,"lg 14 ' washer and dryer red pedestal with drawer wdp3r each drawer has storage for laundry bottles , boxes and more provides easy access to front loading doors by raising the washer and dryer by 14 ' minimizes bending and stooping at doors red finish",,lg electronics wdp3 laundry pedestal with drawer blue,,1579.0,"('rtable_description', 'rtable_price')","[nan, nan]","[nan, 1579.0]",0,0,0.97929174,0.020708269,2
81,,lg 14 ' washer and dryer red pedestal with drawer wdp3r,"lg 14 ' washer and dryer red pedestal with drawer wdp3r each drawer has storage for laundry bottles , boxes and more provides easy access to front loading doors by raising the washer and dryer by 14 ' minimizes bending and stooping at doors red finish",,lg electronics wdp3 laundry pedestal with drawer blue,,,"('rtable_description', 'rtable_price')","[nan, nan]","[nan, nan]",0,0,0.57721573,0.42278427,2
82,,lg 14 ' washer and dryer red pedestal with drawer wdp3r,"lg 14 ' washer and dryer red pedestal with drawer wdp3r each drawer has storage for laundry bottles , boxes and more provides easy access to front loading doors by raising the washer and dryer by 14 ' minimizes bending and stooping at doors red finish",,garmin lightweight gps case 010-10704-00,,,"('rtable_name',)",['lg electronics wdp3 laundry pedestal with drawer blue'],['garmin lightweight gps case 010-10704-00'],0,0,0.7110573,0.28894272,2
83,,lg 14 ' washer and dryer red pedestal with drawer wdp3r,"lg 14 ' washer and dryer red pedestal with drawer wdp3r each drawer has storage for laundry bottles , boxes and more provides easy access to front loading doors by raising the washer and dryer by 14 ' minimizes bending and stooping at doors red finish",,garmin lightweight gps case 010-10704-00,clam shell,,"('rtable_name', 'rtable_description')","['lg electronics wdp3 laundry pedestal with drawer blue', nan]","['garmin lightweight gps case 010-10704-00', 'clam shell']",0,0,0.6001442,0.3998558,2
84,,lg 14 ' washer and dryer red pedestal with drawer wdp3r,"lg 14 ' washer and dryer red pedestal with drawer wdp3r each drawer has storage for laundry bottles , boxes and more provides easy access to front loading doors by raising the washer and dryer by 14 ' minimizes bending and stooping at doors red finish",,garmin lightweight gps case 010-10704-00,,,"('rtable_name', 'rtable_price')","['lg electronics wdp3 laundry pedestal with drawer blue', nan]","['garmin lightweight gps case 010-10704-00', nan]",0,0,0.579673,0.42032698,2
85,,lg 14 ' washer and dryer red pedestal with drawer wdp3r,"lg 14 ' washer and dryer red pedestal with drawer wdp3r each drawer has storage for laundry bottles , boxes and more provides easy access to front loading doors by raising the washer and dryer by 14 ' minimizes bending and stooping at doors red finish",,lg electronics wdp3 laundry pedestal with drawer blue,clam shell,,"('rtable_description', 'rtable_price')","[nan, nan]","['clam shell', nan]",0,0,0.928213,0.07178696,2
86,,lg 14 ' washer and dryer red pedestal with drawer wdp3r,"lg 14 ' washer and dryer red pedestal with drawer wdp3r each drawer has storage for laundry bottles , boxes and more provides easy access to front loading doors by raising the washer and dryer by 14 ' minimizes bending and stooping at doors red finish",,bass lover earbuds red mdred12lp/red,,10.99,"('rtable_name', 'rtable_price')","['lg electronics wdp3 laundry pedestal with drawer blue', nan]","['bass lover earbuds red mdred12lp/red', 10.99]",0,0,0.83764136,0.16235861,2
87,,lg 14 ' washer and dryer red pedestal with drawer wdp3r,"lg 14 ' washer and dryer red pedestal with drawer wdp3r each drawer has storage for laundry bottles , boxes and more provides easy access to front loading doors by raising the washer and dryer by 14 ' minimizes bending and stooping at doors red finish",,lg electronics wdp3 laundry pedestal with drawer blue,,10.99,"('rtable_description', 'rtable_price')","[nan, nan]","[nan, 10.99]",0,0,0.9188734,0.08112651,2
88,,lg 14 ' washer and dryer red pedestal with drawer wdp3r,"lg 14 ' washer and dryer red pedestal with drawer wdp3r each drawer has storage for laundry bottles , boxes and more provides easy access to front loading doors by raising the washer and dryer by 14 ' minimizes bending and stooping at doors red finish",,microsoft office 2007 standard 021-07746,,,"('rtable_name', 'rtable_description')","['lg electronics wdp3 laundry pedestal with drawer blue', nan]","['microsoft office 2007 standard 021-07746', nan]",0,0,0.58303344,0.4169666,2
89,,lg 14 ' washer and dryer red pedestal with drawer wdp3r,"lg 14 ' washer and dryer red pedestal with drawer wdp3r each drawer has storage for laundry bottles , boxes and more provides easy access to front loading doors by raising the washer and dryer by 14 ' minimizes bending and stooping at doors red finish",,microsoft office 2007 standard 021-07746,,319.99,"('rtable_name', 'rtable_price')","['lg electronics wdp3 laundry pedestal with drawer blue', nan]","['microsoft office 2007 standard 021-07746', 319.99]",0,0,0.92580694,0.07419304,2
90,,lg 14 ' washer and dryer red pedestal with drawer wdp3r,"lg 14 ' washer and dryer red pedestal with drawer wdp3r each drawer has storage for laundry bottles , boxes and more provides easy access to front loading doors by raising the washer and dryer by 14 ' minimizes bending and stooping at doors red finish",,lg electronics wdp3 laundry pedestal with drawer blue,,319.99,"('rtable_description', 'rtable_price')","[nan, nan]","[nan, 319.99]",0,0,0.92106545,0.07893457,2
111,,lg 14 ' washer and dryer red pedestal with drawer wdp3r,"lg 14 ' washer and dryer red pedestal with drawer wdp3r each drawer has storage for laundry bottles , boxes and more provides easy access to front loading doors by raising the washer and dryer by 14 ' minimizes bending and stooping at doors red finish",,lg electronics wdp3 laundry pedestal with drawer blue,,1341.12,"('rtable_price',)",[nan],[1341.12],0,0,0.56178176,0.4382183,2
149,,lg 14 ' washer and dryer red pedestal with drawer wdp3r,"lg 14 ' washer and dryer red pedestal with drawer wdp3r each drawer has storage for laundry bottles , boxes and more provides easy access to front loading doors by raising the washer and dryer by 14 ' minimizes bending and stooping at doors red finish",,canon vixia hg20 high definition camcorder 3085b001aa,,557.64,"('rtable_name', 'rtable_price')","['lg electronics wdp3 laundry pedestal with drawer blue', nan]","['canon vixia hg20 high definition camcorder 3085b001aa', 557.64]",0,0,0.99347323,0.0065267836,2
112,,lg 14 ' washer and dryer red pedestal with drawer wdp3r,"lg 14 ' washer and dryer red pedestal with drawer wdp3r each drawer has storage for laundry bottles , boxes and more provides easy access to front loading doors by raising the washer and dryer by 14 ' minimizes bending and stooping at doors red finish",,"samsung ln40a750 40 ' 1080p lcd hdtv 50,000:1 dynamic contrast ratio 4ms response time 120hz",,,"('rtable_name', 'rtable_description')","['lg electronics wdp3 laundry pedestal with drawer blue', nan]","[""samsung ln40a750 40 ' 1080p lcd hdtv 50,000:1 dynamic contrast ratio 4ms response time 120hz"", nan]",0,0,0.51276827,0.48723173,2
114,,lg 14 ' washer and dryer red pedestal with drawer wdp3r,"lg 14 ' washer and dryer red pedestal with drawer wdp3r each drawer has storage for laundry bottles , boxes and more provides easy access to front loading doors by raising the washer and dryer by 14 ' minimizes bending and stooping at doors red finish",,lg electronics wdp3 laundry pedestal with drawer blue,,1341.12,"('rtable_description', 'rtable_price')","[nan, nan]","[nan, 1341.12]",0,0,0.97894543,0.021054579,2
135,,lg 14 ' washer and dryer red pedestal with drawer wdp3r,"lg 14 ' washer and dryer red pedestal with drawer wdp3r each drawer has storage for laundry bottles , boxes and more provides easy access to front loading doors by raising the washer and dryer by 14 ' minimizes bending and stooping at doors red finish",,lg electronics wdp3 laundry pedestal with drawer blue,,295.0,"('rtable_price',)",[nan],[295.0],0,0,0.54116887,0.45883113,2
136,,lg 14 ' washer and dryer red pedestal with drawer wdp3r,"lg 14 ' washer and dryer red pedestal with drawer wdp3r each drawer has storage for laundry bottles , boxes and more provides easy access to front loading doors by raising the washer and dryer by 14 ' minimizes bending and stooping at doors red finish",,lg electronics wdp3 laundry pedestal with drawer blue,"cd-r , cd-rw cd-da , mp3 , wma , aac 4 200w fm , am",295.0,"('rtable_description', 'rtable_price')","[nan, nan]","['cd-r , cd-rw cd-da , mp3 , wma , aac 4 200w fm , am', 295.0]",0,0,0.9347275,0.06527248,2
137,,lg 14 ' washer and dryer red pedestal with drawer wdp3r,"lg 14 ' washer and dryer red pedestal with drawer wdp3r each drawer has storage for laundry bottles , boxes and more provides easy access to front loading doors by raising the washer and dryer by 14 ' minimizes bending and stooping at doors red finish",,lg electronics wdp3 laundry pedestal with drawer blue,monochrome copier 1.33 cpm mono inkjet,,"('rtable_description',)",[nan],['monochrome copier 1.33 cpm mono inkjet'],0,0,0.99327326,0.0067267637,2
138,,lg 14 ' washer and dryer red pedestal with drawer wdp3r,"lg 14 ' washer and dryer red pedestal with drawer wdp3r each drawer has storage for laundry bottles , boxes and more provides easy access to front loading doors by raising the washer and dryer by 14 ' minimizes bending and stooping at doors red finish",,lg electronics wdp3 laundry pedestal with drawer blue,monochrome copier 1.33 cpm mono inkjet,,"('rtable_description', 'rtable_price')","[nan, nan]","['monochrome copier 1.33 cpm mono inkjet', nan]",0,0,0.7940458,0.20595416,2
139,,lg 14 ' washer and dryer red pedestal with drawer wdp3r,"lg 14 ' washer and dryer red pedestal with drawer wdp3r each drawer has storage for laundry bottles , boxes and more provides easy access to front loading doors by raising the washer and dryer by 14 ' minimizes bending and stooping at doors red finish",,lg electronics wdp3 laundry pedestal with drawer blue,,,"('rtable_description', 'rtable_price')","[nan, nan]","[nan, nan]",0,0,0.57721573,0.42278424,2
140,,lg 14 ' washer and dryer red pedestal with drawer wdp3r,"lg 14 ' washer and dryer red pedestal with drawer wdp3r each drawer has storage for laundry bottles , boxes and more provides easy access to front loading doors by raising the washer and dryer by 14 ' minimizes bending and stooping at doors red finish",,canon pixma mp980 wireless all-in-one color photo inkjet printer 2922b002,,,"('rtable_name',)",['lg electronics wdp3 laundry pedestal with drawer blue'],['canon pixma mp980 wireless all-in-one color photo inkjet printer 2922b002'],0,0,0.8462077,0.15379234,2
134,,lg 14 ' washer and dryer red pedestal with drawer wdp3r,"lg 14 ' washer and dryer red pedestal with drawer wdp3r each drawer has storage for laundry bottles , boxes and more provides easy access to front loading doors by raising the washer and dryer by 14 ' minimizes bending and stooping at doors red finish",,lg electronics wdp3 laundry pedestal with drawer blue,"cd-r , cd-rw cd-da , mp3 , wma , aac 4 200w fm , am",,"('rtable_description',)",[nan],"['cd-r , cd-rw cd-da , mp3 , wma , aac 4 200w fm , am']",0,0,0.6177938,0.3822062,2
141,,lg 14 ' washer and dryer red pedestal with drawer wdp3r,"lg 14 ' washer and dryer red pedestal with drawer wdp3r each drawer has storage for laundry bottles , boxes and more provides easy access to front loading doors by raising the washer and dryer by 14 ' minimizes bending and stooping at doors red finish",,canon pixma mp980 wireless all-in-one color photo inkjet printer 2922b002,,,"('rtable_name', 'rtable_description')","['lg electronics wdp3 laundry pedestal with drawer blue', nan]","['canon pixma mp980 wireless all-in-one color photo inkjet printer 2922b002', nan]",0,0,0.87014097,0.12985902,2
143,,lg 14 ' washer and dryer red pedestal with drawer wdp3r,"lg 14 ' washer and dryer red pedestal with drawer wdp3r each drawer has storage for laundry bottles , boxes and more provides easy access to front loading doors by raising the washer and dryer by 14 ' minimizes bending and stooping at doors red finish",,lg electronics wdp3 laundry pedestal with drawer blue,,,"('rtable_description', 'rtable_price')","[nan, nan]","[nan, nan]",0,0,0.57721573,0.42278427,2
144,,lg 14 ' washer and dryer red pedestal with drawer wdp3r,"lg 14 ' washer and dryer red pedestal with drawer wdp3r each drawer has storage for laundry bottles , boxes and more provides easy access to front loading doors by raising the washer and dryer by 14 ' minimizes bending and stooping at doors red finish",,lg electronics wdp3 laundry pedestal with drawer blue,"dvd + rw , dvd-rw , dvd-ram , dvd + r , dvd-r , cd-rw , secure digital ( sd ) dvd video , cd-da , mp3 , jpeg , divx , pcm , mpeg-2 playback progressive scan 14.33 hour recording",,"('rtable_description',)",[nan],"['dvd + rw , dvd-rw , dvd-ram , dvd + r , dvd-r , cd-rw , secure digital ( sd ) dvd video , cd-da , mp3 , jpeg , divx , pcm , mpeg-2 playback progressive scan 14.33 hour recording']",0,0,0.84819055,0.15180948,2
145,,lg 14 ' washer and dryer red pedestal with drawer wdp3r,"lg 14 ' washer and dryer red pedestal with drawer wdp3r each drawer has storage for laundry bottles , boxes and more provides easy access to front loading doors by raising the washer and dryer by 14 ' minimizes bending and stooping at doors red finish",,panasonic dmr-ez28k dvd player/recorder,,,"('rtable_name', 'rtable_price')","['lg electronics wdp3 laundry pedestal with drawer blue', nan]","['panasonic dmr-ez28k dvd player/recorder', nan]",0,0,0.8097722,0.19022779,2
146,,lg 14 ' washer and dryer red pedestal with drawer wdp3r,"lg 14 ' washer and dryer red pedestal with drawer wdp3r each drawer has storage for laundry bottles , boxes and more provides easy access to front loading doors by raising the washer and dryer by 14 ' minimizes bending and stooping at doors red finish",,lg electronics wdp3 laundry pedestal with drawer blue,belt drive,328.99,"('rtable_description', 'rtable_price')","[nan, nan]","['belt drive', 328.99]",0,0,0.9634072,0.03659282,2
147,,lg 14 ' washer and dryer red pedestal with drawer wdp3r,"lg 14 ' washer and dryer red pedestal with drawer wdp3r each drawer has storage for laundry bottles , boxes and more provides easy access to front loading doors by raising the washer and dryer by 14 ' minimizes bending and stooping at doors red finish",,canon vixia hg20 high definition camcorder 3085b001aa,,,"('rtable_name',)",['lg electronics wdp3 laundry pedestal with drawer blue'],['canon vixia hg20 high definition camcorder 3085b001aa'],0,0,0.9948043,0.005195624,2
148,,lg 14 ' washer and dryer red pedestal with drawer wdp3r,"lg 14 ' washer and dryer red pedestal with drawer wdp3r each drawer has storage for laundry bottles , boxes and more provides easy access to front loading doors by raising the washer and dryer by 14 ' minimizes bending and stooping at doors red finish",,canon vixia hg20 high definition camcorder 3085b001aa,,,"('rtable_name', 'rtable_description')","['lg electronics wdp3 laundry pedestal with drawer blue', nan]","['canon vixia hg20 high definition camcorder 3085b001aa', nan]",0,0,0.9846223,0.015377698,2
142,,lg 14 ' washer and dryer red pedestal with drawer wdp3r,"lg 14 ' washer and dryer red pedestal with drawer wdp3r each drawer has storage for laundry bottles , boxes and more provides easy access to front loading doors by raising the washer and dryer by 14 ' minimizes bending and stooping at doors red finish",,canon pixma mp980 wireless all-in-one color photo inkjet printer 2922b002,,,"('rtable_name', 'rtable_price')","['lg electronics wdp3 laundry pedestal with drawer blue', nan]","['canon pixma mp980 wireless all-in-one color photo inkjet printer 2922b002', nan]",0,0,0.8576264,0.14237362,2
133,,lg 14 ' washer and dryer red pedestal with drawer wdp3r,"lg 14 ' washer and dryer red pedestal with drawer wdp3r each drawer has storage for laundry bottles , boxes and more provides easy access to front loading doors by raising the washer and dryer by 14 ' minimizes bending and stooping at doors red finish",,lg electronics wdp3 laundry pedestal with drawer blue,,248.9,"('rtable_description', 'rtable_price')","[nan, nan]","[nan, 248.9]",0,0,0.86406744,0.13593255,2
132,,lg 14 ' washer and dryer red pedestal with drawer wdp3r,"lg 14 ' washer and dryer red pedestal with drawer wdp3r each drawer has storage for laundry bottles , boxes and more provides easy access to front loading doors by raising the washer and dryer by 14 ' minimizes bending and stooping at doors red finish",,lg electronics wdp3 laundry pedestal with drawer blue,vaio neoprene notebook & ac adapter case up to 17 in lcd,,"('rtable_description', 'rtable_price')","[nan, nan]","['vaio neoprene notebook & ac adapter case up to 17 in lcd', nan]",0,0,0.8477148,0.15228522,2
131,,lg 14 ' washer and dryer red pedestal with drawer wdp3r,"lg 14 ' washer and dryer red pedestal with drawer wdp3r each drawer has storage for laundry bottles , boxes and more provides easy access to front loading doors by raising the washer and dryer by 14 ' minimizes bending and stooping at doors red finish",,lg electronics wdp3 laundry pedestal with drawer blue,vaio neoprene notebook & ac adapter case up to 17 in lcd,,"('rtable_description',)",[nan],['vaio neoprene notebook & ac adapter case up to 17 in lcd'],0,0,0.99022394,0.009776025,2
115,,lg 14 ' washer and dryer red pedestal with drawer wdp3r,"lg 14 ' washer and dryer red pedestal with drawer wdp3r each drawer has storage for laundry bottles , boxes and more provides easy access to front loading doors by raising the washer and dryer by 14 ' minimizes bending and stooping at doors red finish",,sharp lc-52d85u 52 ' widescreen 1080p lcd hdtv 120hz 4ms response time,,,"('rtable_name',)",['lg electronics wdp3 laundry pedestal with drawer blue'],"[""sharp lc-52d85u 52 ' widescreen 1080p lcd hdtv 120hz 4ms response time""]",0,0,0.94772184,0.05227816,2
116,,lg 14 ' washer and dryer red pedestal with drawer wdp3r,"lg 14 ' washer and dryer red pedestal with drawer wdp3r each drawer has storage for laundry bottles , boxes and more provides easy access to front loading doors by raising the washer and dryer by 14 ' minimizes bending and stooping at doors red finish",,lg electronics wdp3 laundry pedestal with drawer blue,,1648.72,"('rtable_description', 'rtable_price')","[nan, nan]","[nan, 1648.72]",0,0,0.844757,0.15524296,2
117,,lg 14 ' washer and dryer red pedestal with drawer wdp3r,"lg 14 ' washer and dryer red pedestal with drawer wdp3r each drawer has storage for laundry bottles , boxes and more provides easy access to front loading doors by raising the washer and dryer by 14 ' minimizes bending and stooping at doors red finish",,lg electronics wdp3 laundry pedestal with drawer blue,,,"('rtable_description', 'rtable_price')","[nan, nan]","[nan, nan]",0,0,0.57721573,0.42278427,2
119,,lg 14 ' washer and dryer red pedestal with drawer wdp3r,"lg 14 ' washer and dryer red pedestal with drawer wdp3r each drawer has storage for laundry bottles , boxes and more provides easy access to front loading doors by raising the washer and dryer by 14 ' minimizes bending and stooping at doors red finish",,sony bravia kdl32xbr6 32 ' lcd tv,,,"('rtable_name',)",['lg electronics wdp3 laundry pedestal with drawer blue'],"[""sony bravia kdl32xbr6 32 ' lcd tv""]",0,0,0.7445316,0.25546846,2
120,,lg 14 ' washer and dryer red pedestal with drawer wdp3r,"lg 14 ' washer and dryer red pedestal with drawer wdp3r each drawer has storage for laundry bottles , boxes and more provides easy access to front loading doors by raising the washer and dryer by 14 ' minimizes bending and stooping at doors red finish",,lg electronics wdp3 laundry pedestal with drawer blue,"32 ' atsc , ntsc 16:9 1920 x 1080 dolby , surround hdtv",,"('rtable_description',)",[nan],"[""32 ' atsc , ntsc 16:9 1920 x 1080 dolby , surround hdtv""]",0,0,0.97012985,0.029870149,2
121,,lg 14 ' washer and dryer red pedestal with drawer wdp3r,"lg 14 ' washer and dryer red pedestal with drawer wdp3r each drawer has storage for laundry bottles , boxes and more provides easy access to front loading doors by raising the washer and dryer by 14 ' minimizes bending and stooping at doors red finish",,lg electronics wdp3 laundry pedestal with drawer blue,"32 ' atsc , ntsc 16:9 1920 x 1080 dolby , surround hdtv",998.72,"('rtable_description', 'rtable_price')","[nan, nan]","[""32 ' atsc , ntsc 16:9 1920 x 1080 dolby , surround hdtv"", 998.72]",0,0,0.9811369,0.018863117,2
122,,lg 14 ' washer and dryer red pedestal with drawer wdp3r,"lg 14 ' washer and dryer red pedestal with drawer wdp3r each drawer has storage for laundry bottles , boxes and more provides easy access to front loading doors by raising the washer and dryer by 14 ' minimizes bending and stooping at doors red finish",,nikon 55-200mm f/4 -5.6 g ed if af-s dx vr zoom telephoto nikkor lens niko_216687518,,,"('rtable_name',)",['lg electronics wdp3 laundry pedestal with drawer blue'],['nikon 55-200mm f/4 -5.6 g ed if af-s dx vr zoom telephoto nikkor lens niko_216687518'],0,0,0.9078201,0.09217992,2
123,,lg 14 ' washer and dryer red pedestal with drawer wdp3r,"lg 14 ' washer and dryer red pedestal with drawer wdp3r each drawer has storage for laundry bottles , boxes and more provides easy access to front loading doors by raising the washer and dryer by 14 ' minimizes bending and stooping at doors red finish",,lg electronics wdp3 laundry pedestal with drawer blue,,189.95,"('rtable_price',)",[nan],[189.95],0,0,0.51520956,0.4847904,2
124,,lg 14 ' washer and dryer red pedestal with drawer wdp3r,"lg 14 ' washer and dryer red pedestal with drawer wdp3r each drawer has storage for laundry bottles , boxes and more provides easy access to front loading doors by raising the washer and dryer by 14 ' minimizes bending and stooping at doors red finish",,nikon 55-200mm f/4 -5.6 g ed if af-s dx vr zoom telephoto nikkor lens niko_216687518,,,"('rtable_name', 'rtable_description')","['lg electronics wdp3 laundry pedestal with drawer blue', nan]","['nikon 55-200mm f/4 -5.6 g ed if af-s dx vr zoom telephoto nikkor lens niko_216687518', nan]",0,0,0.6248754,0.3751246,2
125,,lg 14 ' washer and dryer red pedestal with drawer wdp3r,"lg 14 ' washer and dryer red pedestal with drawer wdp3r each drawer has storage for laundry bottles , boxes and more provides easy access to front loading doors by raising the washer and dryer by 14 ' minimizes bending and stooping at doors red finish",,nikon 55-200mm f/4 -5.6 g ed if af-s dx vr zoom telephoto nikkor lens niko_216687518,,189.95,"('rtable_name', 'rtable_price')","['lg electronics wdp3 laundry pedestal with drawer blue', nan]","['nikon 55-200mm f/4 -5.6 g ed if af-s dx vr zoom telephoto nikkor lens niko_216687518', 189.95]",0,0,0.7966525,0.20334752,2
126,,lg 14 ' washer and dryer red pedestal with drawer wdp3r,"lg 14 ' washer and dryer red pedestal with drawer wdp3r each drawer has storage for laundry bottles , boxes and more provides easy access to front loading doors by raising the washer and dryer by 14 ' minimizes bending and stooping at doors red finish",,lg electronics wdp3 laundry pedestal with drawer blue,,189.95,"('rtable_description', 'rtable_price')","[nan, nan]","[nan, 189.95]",0,0,0.8948358,0.105164126,2
127,,lg 14 ' washer and dryer red pedestal with drawer wdp3r,"lg 14 ' washer and dryer red pedestal with drawer wdp3r each drawer has storage for laundry bottles , boxes and more provides easy access to front loading doors by raising the washer and dryer by 14 ' minimizes bending and stooping at doors red finish",,lg electronics wdp3 laundry pedestal with drawer blue,,,"('rtable_description', 'rtable_price')","[nan, nan]","[nan, nan]",0,0,0.57721573,0.42278427,2
128,,lg 14 ' washer and dryer red pedestal with drawer wdp3r,"lg 14 ' washer and dryer red pedestal with drawer wdp3r each drawer has storage for laundry bottles , boxes and more provides easy access to front loading doors by raising the washer and dryer by 14 ' minimizes bending and stooping at doors red finish",,lg electronics wdp3 laundry pedestal with drawer blue,black,199.99,"('rtable_description', 'rtable_price')","[nan, nan]","['black', 199.99]",0,0,0.96541125,0.0345887,2
129,,lg 14 ' washer and dryer red pedestal with drawer wdp3r,"lg 14 ' washer and dryer red pedestal with drawer wdp3r each drawer has storage for laundry bottles , boxes and more provides easy access to front loading doors by raising the washer and dryer by 14 ' minimizes bending and stooping at doors red finish",,lg electronics wdp3 laundry pedestal with drawer blue,,,"('rtable_description', 'rtable_price')","[nan, nan]","[nan, nan]",0,0,0.57721573,0.42278427,2
130,,lg 14 ' washer and dryer red pedestal with drawer wdp3r,"lg 14 ' washer and dryer red pedestal with drawer wdp3r each drawer has storage for laundry bottles , boxes and more provides easy access to front loading doors by raising the washer and dryer by 14 ' minimizes bending and stooping at doors red finish",,sony vaio notebook and ac adapter case vgpamc2,,,"('rtable_name',)",['lg electronics wdp3 laundry pedestal with drawer blue'],['sony vaio notebook and ac adapter case vgpamc2'],0,0,0.5058361,0.4941639,2
113,,lg 14 ' washer and dryer red pedestal with drawer wdp3r,"lg 14 ' washer and dryer red pedestal with drawer wdp3r each drawer has storage for laundry bottles , boxes and more provides easy access to front loading doors by raising the washer and dryer by 14 ' minimizes bending and stooping at doors red finish",,"samsung ln40a750 40 ' 1080p lcd hdtv 50,000:1 dynamic contrast ratio 4ms response time 120hz",,1341.12,"('rtable_name', 'rtable_price')","['lg electronics wdp3 laundry pedestal with drawer blue', nan]","[""samsung ln40a750 40 ' 1080p lcd hdtv 50,000:1 dynamic contrast ratio 4ms response time 120hz"", 1341.12]",0,0,0.85845387,0.14154607,2
74,,lg 14 ' washer and dryer red pedestal with drawer wdp3r,"lg 14 ' washer and dryer red pedestal with drawer wdp3r each drawer has storage for laundry bottles , boxes and more provides easy access to front loading doors by raising the washer and dryer by 14 ' minimizes bending and stooping at doors red finish",,canon vixia hf100 high definition digital camcorder 2708b001,,,"('rtable_name',)",['lg electronics wdp3 laundry pedestal with drawer blue'],['canon vixia hf100 high definition digital camcorder 2708b001'],0,0,0.99323326,0.0067666825,2
75,,lg 14 ' washer and dryer red pedestal with drawer wdp3r,"lg 14 ' washer and dryer red pedestal with drawer wdp3r each drawer has storage for laundry bottles , boxes and more provides easy access to front loading doors by raising the washer and dryer by 14 ' minimizes bending and stooping at doors red finish",,lg electronics wdp3 laundry pedestal with drawer blue,canon vixia hf100 high definition camcorder,,"('rtable_description',)",[nan],['canon vixia hf100 high definition camcorder'],0,0,0.99483734,0.005162669,2
72,,lg 14 ' washer and dryer red pedestal with drawer wdp3r,"lg 14 ' washer and dryer red pedestal with drawer wdp3r each drawer has storage for laundry bottles , boxes and more provides easy access to front loading doors by raising the washer and dryer by 14 ' minimizes bending and stooping at doors red finish",,lg electronics wdp3 laundry pedestal with drawer blue,"panasonic dmc-fz28k lumix 10 megapixel digital camera with 27mm leica dc vario-elmarit lens , 18x optical zoom and intelligent auto mode black",,"('rtable_description', 'rtable_price')","[nan, nan]","['panasonic dmc-fz28k lumix 10 megapixel digital camera with 27mm leica dc vario-elmarit lens , 18x optical zoom and intelligent auto mode black', nan]",0,0,0.9889459,0.011054052,2
22,,lg 14 ' washer and dryer red pedestal with drawer wdp3r,"lg 14 ' washer and dryer red pedestal with drawer wdp3r each drawer has storage for laundry bottles , boxes and more provides easy access to front loading doors by raising the washer and dryer by 14 ' minimizes bending and stooping at doors red finish",,lg electronics wdp3 laundry pedestal with drawer blue,,238.72,"('rtable_description', 'rtable_price')","[nan, nan]","[nan, 238.72]",0,0,0.89087564,0.10912436,2
23,,lg 14 ' washer and dryer red pedestal with drawer wdp3r,"lg 14 ' washer and dryer red pedestal with drawer wdp3r each drawer has storage for laundry bottles , boxes and more provides easy access to front loading doors by raising the washer and dryer by 14 ' minimizes bending and stooping at doors red finish",,garmin suction cup mount 010-10823-00,,,"('rtable_name',)",['lg electronics wdp3 laundry pedestal with drawer blue'],['garmin suction cup mount 010-10823-00'],0,0,0.9720296,0.027970333,2
24,,lg 14 ' washer and dryer red pedestal with drawer wdp3r,"lg 14 ' washer and dryer red pedestal with drawer wdp3r each drawer has storage for laundry bottles , boxes and more provides easy access to front loading doors by raising the washer and dryer by 14 ' minimizes bending and stooping at doors red finish",,garmin suction cup mount 010-10823-00,,,"('rtable_name', 'rtable_description')","['lg electronics wdp3 laundry pedestal with drawer blue', nan]","['garmin suction cup mount 010-10823-00', nan]",0,0,0.96975726,0.030242775,2
25,,lg 14 ' washer and dryer red pedestal with drawer wdp3r,"lg 14 ' washer and dryer red pedestal with drawer wdp3r each drawer has storage for laundry bottles , boxes and more provides easy access to front loading doors by raising the washer and dryer by 14 ' minimizes bending and stooping at doors red finish",,garmin suction cup mount 010-10823-00,,24.84,"('rtable_name', 'rtable_price')","['lg electronics wdp3 laundry pedestal with drawer blue', nan]","['garmin suction cup mount 010-10823-00', 24.84]",0,0,0.9822182,0.017781831,2
26,,lg 14 ' washer and dryer red pedestal with drawer wdp3r,"lg 14 ' washer and dryer red pedestal with drawer wdp3r each drawer has storage for laundry bottles , boxes and more provides easy access to front loading doors by raising the washer and dryer by 14 ' minimizes bending and stooping at doors red finish",,lg electronics wdp3 laundry pedestal with drawer blue,,24.84,"('rtable_description', 'rtable_price')","[nan, nan]","[nan, 24.84]",0,0,0.9147878,0.0852122,2
28,,lg 14 ' washer and dryer red pedestal with drawer wdp3r,"lg 14 ' washer and dryer red pedestal with drawer wdp3r each drawer has storage for laundry bottles , boxes and more provides easy access to front loading doors by raising the washer and dryer by 14 ' minimizes bending and stooping at doors red finish",,lg electronics wdp3 laundry pedestal with drawer blue,"1 x 10/100base-tx network , 1 x usb wi-fi ieee 802.11 b/g",,"('rtable_description',)",[nan],"['1 x 10/100base-tx network , 1 x usb wi-fi ieee 802.11 b/g']",0,0,0.99095094,0.00904907,2
21,,lg 14 ' washer and dryer red pedestal with drawer wdp3r,"lg 14 ' washer and dryer red pedestal with drawer wdp3r each drawer has storage for laundry bottles , boxes and more provides easy access to front loading doors by raising the washer and dryer by 14 ' minimizes bending and stooping at doors red finish",,lg electronics wdp3 laundry pedestal with drawer blue,"6.56 ft 1 x ip-bus , 1 x proprietary audio cable",26.5,"('rtable_description', 'rtable_price')","[nan, nan]","['6.56 ft 1 x ip-bus , 1 x proprietary audio cable', 26.5]",0,0,0.92556477,0.07443522,2
29,,lg 14 ' washer and dryer red pedestal with drawer wdp3r,"lg 14 ' washer and dryer red pedestal with drawer wdp3r each drawer has storage for laundry bottles , boxes and more provides easy access to front loading doors by raising the washer and dryer by 14 ' minimizes bending and stooping at doors red finish",,lg electronics wdp3 laundry pedestal with drawer blue,"1 x 10/100base-tx network , 1 x usb wi-fi ieee 802.11 b/g",,"('rtable_description', 'rtable_price')","[nan, nan]","['1 x 10/100base-tx network , 1 x usb wi-fi ieee 802.11 b/g', nan]",0,0,0.5604926,0.43950745,2
31,,lg 14 ' washer and dryer red pedestal with drawer wdp3r,"lg 14 ' washer and dryer red pedestal with drawer wdp3r each drawer has storage for laundry bottles , boxes and more provides easy access to front loading doors by raising the washer and dryer by 14 ' minimizes bending and stooping at doors red finish",,sony 42in bravia lcd v-series 1080p hdtv kdl42v4100,,,"('rtable_name', 'rtable_description')","['lg electronics wdp3 laundry pedestal with drawer blue', nan]","['sony 42in bravia lcd v-series 1080p hdtv kdl42v4100', nan]",0,0,0.5538069,0.44619316,2
32,,lg 14 ' washer and dryer red pedestal with drawer wdp3r,"lg 14 ' washer and dryer red pedestal with drawer wdp3r each drawer has storage for laundry bottles , boxes and more provides easy access to front loading doors by raising the washer and dryer by 14 ' minimizes bending and stooping at doors red finish",,sony 42in bravia lcd v-series 1080p hdtv kdl42v4100,,1098.72,"('rtable_name', 'rtable_price')","['lg electronics wdp3 laundry pedestal with drawer blue', nan]","['sony 42in bravia lcd v-series 1080p hdtv kdl42v4100', 1098.72]",0,0,0.91170055,0.08829942,2
33,,lg 14 ' washer and dryer red pedestal with drawer wdp3r,"lg 14 ' washer and dryer red pedestal with drawer wdp3r each drawer has storage for laundry bottles , boxes and more provides easy access to front loading doors by raising the washer and dryer by 14 ' minimizes bending and stooping at doors red finish",,lg electronics wdp3 laundry pedestal with drawer blue,,1098.72,"('rtable_description', 'rtable_price')","[nan, nan]","[nan, 1098.72]",0,0,0.98682076,0.013179246,2
34,,lg 14 ' washer and dryer red pedestal with drawer wdp3r,"lg 14 ' washer and dryer red pedestal with drawer wdp3r each drawer has storage for laundry bottles , boxes and more provides easy access to front loading doors by raising the washer and dryer by 14 ' minimizes bending and stooping at doors red finish",,lg electronics wdp3 laundry pedestal with drawer blue,,,"('rtable_description', 'rtable_price')","[nan, nan]","[nan, nan]",0,0,0.57721573,0.42278427,2
35,,lg 14 ' washer and dryer red pedestal with drawer wdp3r,"lg 14 ' washer and dryer red pedestal with drawer wdp3r each drawer has storage for laundry bottles , boxes and more provides easy access to front loading doors by raising the washer and dryer by 14 ' minimizes bending and stooping at doors red finish",,lg electronics wdp3 laundry pedestal with drawer blue,black,,"('rtable_description', 'rtable_price')","[nan, nan]","['black', nan]",0,0,0.8851006,0.11489943,2
37,,lg 14 ' washer and dryer red pedestal with drawer wdp3r,"lg 14 ' washer and dryer red pedestal with drawer wdp3r each drawer has storage for laundry bottles , boxes and more provides easy access to front loading doors by raising the washer and dryer by 14 ' minimizes bending and stooping at doors red finish",,boston acoustics horizon duo-i am/fm stereo radio hduoimdnt,,,"('rtable_name',)",['lg electronics wdp3 laundry pedestal with drawer blue'],['boston acoustics horizon duo-i am/fm stereo radio hduoimdnt'],0,0,0.57194984,0.4280502,2
30,,lg 14 ' washer and dryer red pedestal with drawer wdp3r,"lg 14 ' washer and dryer red pedestal with drawer wdp3r each drawer has storage for laundry bottles , boxes and more provides easy access to front loading doors by raising the washer and dryer by 14 ' minimizes bending and stooping at doors red finish",,lg electronics wdp3 laundry pedestal with drawer blue,,1098.72,"('rtable_price',)",[nan],[1098.72],0,0,0.69564426,0.3043557,2
38,,lg 14 ' washer and dryer red pedestal with drawer wdp3r,"lg 14 ' washer and dryer red pedestal with drawer wdp3r each drawer has storage for laundry bottles , boxes and more provides easy access to front loading doors by raising the washer and dryer by 14 ' minimizes bending and stooping at doors red finish",,lg electronics wdp3 laundry pedestal with drawer blue,"5 x am , 10 x fm",,"('rtable_description',)",[nan],"['5 x am , 10 x fm']",0,0,0.52304727,0.47695273,2
20,,lg 14 ' washer and dryer red pedestal with drawer wdp3r,"lg 14 ' washer and dryer red pedestal with drawer wdp3r each drawer has storage for laundry bottles , boxes and more provides easy access to front loading doors by raising the washer and dryer by 14 ' minimizes bending and stooping at doors red finish",,lg electronics wdp3 laundry pedestal with drawer blue,"6.56 ft 1 x ip-bus , 1 x proprietary audio cable",,"('rtable_description',)",[nan],"['6.56 ft 1 x ip-bus , 1 x proprietary audio cable']",0,0,0.975295,0.024705043,2
17,,lg 14 ' washer and dryer red pedestal with drawer wdp3r,"lg 14 ' washer and dryer red pedestal with drawer wdp3r each drawer has storage for laundry bottles , boxes and more provides easy access to front loading doors by raising the washer and dryer by 14 ' minimizes bending and stooping at doors red finish",,lg electronics wdp3 laundry pedestal with drawer blue,8.1 megapixel 16:9 2x digital zoom 2.7 ' active matrix tft color lcd,129.99,"('rtable_description', 'rtable_price')","[nan, nan]","[""8.1 megapixel 16:9 2x digital zoom 2.7 ' active matrix tft color lcd"", 129.99]",0,0,0.99208176,0.007918249,2
1,,lg 14 ' washer and dryer red pedestal with drawer wdp3r,garmin vehicle adjustable suction cup mount 0101082303 no installation required securely mounts your gps to dash black finish,,lg electronics wdp3 laundry pedestal with drawer blue,,,"('ltable_description', 'ltable_price')","[""lg 14 ' washer and dryer red pedestal with drawer wdp3r each drawer has storage for laundry bottles , boxes and more provides easy access to front loading doors by raising the washer and dryer by 14 ' minimizes bending and stooping at doors red finish"", nan]","['garmin vehicle adjustable suction cup mount 0101082303 no installation required securely mounts your gps to dash black finish', nan]",0,0,0.9798093,0.020190714,2
3,,lg 14 ' washer and dryer red pedestal with drawer wdp3r,whirlpool 24 ' built-in dishwasher du1055bk 14-five piece place setting super capacity tub 5 level direct feed sheerclean wash system 4 cycles anyware plus silverware basket quiet partner i sound package energy star qualified black finish,397.0,lg electronics wdp3 laundry pedestal with drawer blue,,,"('ltable_description', 'ltable_price')","[""lg 14 ' washer and dryer red pedestal with drawer wdp3r each drawer has storage for laundry bottles , boxes and more provides easy access to front loading doors by raising the washer and dryer by 14 ' minimizes bending and stooping at doors red finish"", nan]","[""whirlpool 24 ' built-in dishwasher du1055bk 14-five piece place setting super capacity tub 5 level direct feed sheerclean wash system 4 cycles anyware plus silverware basket quiet partner i sound package energy star qualified black finish"", 397.0]",0,0,0.72816247,0.2718375,2
4,,lg 14 ' washer and dryer red pedestal with drawer wdp3r,"lg 14 ' washer and dryer red pedestal with drawer wdp3r each drawer has storage for laundry bottles , boxes and more provides easy access to front loading doors by raising the washer and dryer by 14 ' minimizes bending and stooping at doors red finish",,lg electronics wdp3 laundry pedestal with drawer blue,d-link broadband cable modem,,"('rtable_description',)",[nan],['d-link broadband cable modem'],0,0,0.6759885,0.32401153,2
5,,lg 14 ' washer and dryer red pedestal with drawer wdp3r,"lg 14 ' washer and dryer red pedestal with drawer wdp3r each drawer has storage for laundry bottles , boxes and more provides easy access to front loading doors by raising the washer and dryer by 14 ' minimizes bending and stooping at doors red finish",,lg electronics wdp3 laundry pedestal with drawer blue,d-link broadband cable modem,,"('rtable_description', 'rtable_price')","[nan, nan]","['d-link broadband cable modem', nan]",0,0,0.9380496,0.06195045,2
6,,lg 14 ' washer and dryer red pedestal with drawer wdp3r,"lg 14 ' washer and dryer red pedestal with drawer wdp3r each drawer has storage for laundry bottles , boxes and more provides easy access to front loading doors by raising the washer and dryer by 14 ' minimizes bending and stooping at doors red finish",,lg electronics wdp3 laundry pedestal with drawer blue,8.1 megapixel 16:9 2x digital zoom 2.7 ' active matrix tft color lcd,,"('rtable_description',)",[nan],"[""8.1 megapixel 16:9 2x digital zoom 2.7 ' active matrix tft color lcd""]",0,0,0.9936138,0.006386282,2
7,,lg 14 ' washer and dryer red pedestal with drawer wdp3r,"lg 14 ' washer and dryer red pedestal with drawer wdp3r each drawer has storage for laundry bottles , boxes and more provides easy access to front loading doors by raising the washer and dryer by 14 ' minimizes bending and stooping at doors red finish",,sony cyber-shot dsc-w150 digital camera red dscw150r,8.1 megapixel 16:9 2x digital zoom 2.7 ' active matrix tft color lcd,,"('rtable_name', 'rtable_description')","['lg electronics wdp3 laundry pedestal with drawer blue', nan]","['sony cyber-shot dsc-w150 digital camera red dscw150r', ""8.1 megapixel 16:9 2x digital zoom 2.7 ' active matrix tft color lcd""]",0,0,0.74377215,0.25622788,2
19,,lg 14 ' washer and dryer red pedestal with drawer wdp3r,"lg 14 ' washer and dryer red pedestal with drawer wdp3r each drawer has storage for laundry bottles , boxes and more provides easy access to front loading doors by raising the washer and dryer by 14 ' minimizes bending and stooping at doors red finish",,lg electronics wdp3 laundry pedestal with drawer blue,,,"('rtable_description', 'rtable_price')","[nan, nan]","[nan, nan]",0,0,0.57721573,0.42278427,2
8,,lg 14 ' washer and dryer red pedestal with drawer wdp3r,"lg 14 ' washer and dryer red pedestal with drawer wdp3r each drawer has storage for laundry bottles , boxes and more provides easy access to front loading doors by raising the washer and dryer by 14 ' minimizes bending and stooping at doors red finish",,sony cyber-shot dsc-w150 digital camera red dscw150r,,139.94,"('rtable_name', 'rtable_price')","['lg electronics wdp3 laundry pedestal with drawer blue', nan]","['sony cyber-shot dsc-w150 digital camera red dscw150r', 139.94]",0,0,0.9696956,0.030304434,2
11,,lg 14 ' washer and dryer red pedestal with drawer wdp3r,"lg 14 ' washer and dryer red pedestal with drawer wdp3r each drawer has storage for laundry bottles , boxes and more provides easy access to front loading doors by raising the washer and dryer by 14 ' minimizes bending and stooping at doors red finish",,lg electronics wdp3 laundry pedestal with drawer blue,,579.0,"('rtable_price',)",[nan],[579.0],0,0,0.5394818,0.46051818,2
12,,lg 14 ' washer and dryer red pedestal with drawer wdp3r,"lg 14 ' washer and dryer red pedestal with drawer wdp3r each drawer has storage for laundry bottles , boxes and more provides easy access to front loading doors by raising the washer and dryer by 14 ' minimizes bending and stooping at doors red finish",,lg electronics wdp3 laundry pedestal with drawer blue,,579.0,"('rtable_description', 'rtable_price')","[nan, nan]","[nan, 579.0]",0,0,0.98232335,0.017676618,2
13,,lg 14 ' washer and dryer red pedestal with drawer wdp3r,"lg 14 ' washer and dryer red pedestal with drawer wdp3r each drawer has storage for laundry bottles , boxes and more provides easy access to front loading doors by raising the washer and dryer by 14 ' minimizes bending and stooping at doors red finish",,lg electronics wdp3 laundry pedestal with drawer blue,terk xmrvrfm002 commandermt universal in-car xm receiver,,"('rtable_description',)",[nan],['terk xmrvrfm002 commandermt universal in-car xm receiver'],0,0,0.995272,0.0047280598,2
14,,lg 14 ' washer and dryer red pedestal with drawer wdp3r,"lg 14 ' washer and dryer red pedestal with drawer wdp3r each drawer has storage for laundry bottles , boxes and more provides easy access to front loading doors by raising the washer and dryer by 14 ' minimizes bending and stooping at doors red finish",,sony cyber-shot dsc-w150 digital camera silver dscw150,,,"('rtable_name',)",['lg electronics wdp3 laundry pedestal with drawer blue'],['sony cyber-shot dsc-w150 digital camera silver dscw150'],0,0,0.94762224,0.052377753,2
15,,lg 14 ' washer and dryer red pedestal with drawer wdp3r,"lg 14 ' washer and dryer red pedestal with drawer wdp3r each drawer has storage for laundry bottles , boxes and more provides easy access to front loading doors by raising the washer and dryer by 14 ' minimizes bending and stooping at doors red finish",,lg electronics wdp3 laundry pedestal with drawer blue,8.1 megapixel 16:9 2x digital zoom 2.7 ' active matrix tft color lcd,,"('rtable_description',)",[nan],"[""8.1 megapixel 16:9 2x digital zoom 2.7 ' active matrix tft color lcd""]",0,0,0.9936138,0.0063862754,2
16,,lg 14 ' washer and dryer red pedestal with drawer wdp3r,"lg 14 ' washer and dryer red pedestal with drawer wdp3r each drawer has storage for laundry bottles , boxes and more provides easy access to front loading doors by raising the washer and dryer by 14 ' minimizes bending and stooping at doors red finish",,sony cyber-shot dsc-w150 digital camera silver dscw150,,129.99,"('rtable_name', 'rtable_price')","['lg electronics wdp3 laundry pedestal with drawer blue', nan]","['sony cyber-shot dsc-w150 digital camera silver dscw150', 129.99]",0,0,0.97364694,0.026353028,2
9,,lg 14 ' washer and dryer red pedestal with drawer wdp3r,"lg 14 ' washer and dryer red pedestal with drawer wdp3r each drawer has storage for laundry bottles , boxes and more provides easy access to front loading doors by raising the washer and dryer by 14 ' minimizes bending and stooping at doors red finish",,lg electronics wdp3 laundry pedestal with drawer blue,8.1 megapixel 16:9 2x digital zoom 2.7 ' active matrix tft color lcd,139.94,"('rtable_description', 'rtable_price')","[nan, nan]","[""8.1 megapixel 16:9 2x digital zoom 2.7 ' active matrix tft color lcd"", 139.94]",0,0,0.9922254,0.007774534,2
39,,lg 14 ' washer and dryer red pedestal with drawer wdp3r,"lg 14 ' washer and dryer red pedestal with drawer wdp3r each drawer has storage for laundry bottles , boxes and more provides easy access to front loading doors by raising the washer and dryer by 14 ' minimizes bending and stooping at doors red finish",,lg electronics wdp3 laundry pedestal with drawer blue,"5 x am , 10 x fm",135.52,"('rtable_description', 'rtable_price')","[nan, nan]","['5 x am , 10 x fm', 135.52]",0,0,0.95105755,0.048942424,2
36,,lg 14 ' washer and dryer red pedestal with drawer wdp3r,"lg 14 ' washer and dryer red pedestal with drawer wdp3r each drawer has storage for laundry bottles , boxes and more provides easy access to front loading doors by raising the washer and dryer by 14 ' minimizes bending and stooping at doors red finish",,lg electronics wdp3 laundry pedestal with drawer blue,,,"('rtable_description', 'rtable_price')","[nan, nan]","[nan, nan]",0,0,0.57721573,0.42278427,2
41,,lg 14 ' washer and dryer red pedestal with drawer wdp3r,"lg 14 ' washer and dryer red pedestal with drawer wdp3r each drawer has storage for laundry bottles , boxes and more provides easy access to front loading doors by raising the washer and dryer by 14 ' minimizes bending and stooping at doors red finish",,lg electronics wdp3 laundry pedestal with drawer blue,sirius sp5tk1 sportster 5 dock & play radio with car kit,131.99,"('rtable_description', 'rtable_price')","[nan, nan]","['sirius sp5tk1 sportster 5 dock & play radio with car kit', 131.99]",0,0,0.98494697,0.0150530245,2
57,,lg 14 ' washer and dryer red pedestal with drawer wdp3r,"lg 14 ' washer and dryer red pedestal with drawer wdp3r each drawer has storage for laundry bottles , boxes and more provides easy access to front loading doors by raising the washer and dryer by 14 ' minimizes bending and stooping at doors red finish",,pedistal for duet sport electric washer/dryer whp1000sq,,,"('rtable_name',)",['lg electronics wdp3 laundry pedestal with drawer blue'],['pedistal for duet sport electric washer/dryer whp1000sq'],0,0,0.9881507,0.011849341,2
58,,lg 14 ' washer and dryer red pedestal with drawer wdp3r,"lg 14 ' washer and dryer red pedestal with drawer wdp3r each drawer has storage for laundry bottles , boxes and more provides easy access to front loading doors by raising the washer and dryer by 14 ' minimizes bending and stooping at doors red finish",,pedistal for duet sport electric washer/dryer whp1000sq,,,"('rtable_name', 'rtable_description')","['lg electronics wdp3 laundry pedestal with drawer blue', nan]","['pedistal for duet sport electric washer/dryer whp1000sq', nan]",0,0,0.6817001,0.31829995,2
59,,lg 14 ' washer and dryer red pedestal with drawer wdp3r,"lg 14 ' washer and dryer red pedestal with drawer wdp3r each drawer has storage for laundry bottles , boxes and more provides easy access to front loading doors by raising the washer and dryer by 14 ' minimizes bending and stooping at doors red finish",,pedistal for duet sport electric washer/dryer whp1000sq,,174.29,"('rtable_name', 'rtable_price')","['lg electronics wdp3 laundry pedestal with drawer blue', nan]","['pedistal for duet sport electric washer/dryer whp1000sq', 174.29]",0,0,0.93704104,0.06295895,2
60,,lg 14 ' washer and dryer red pedestal with drawer wdp3r,"lg 14 ' washer and dryer red pedestal with drawer wdp3r each drawer has storage for laundry bottles , boxes and more provides easy access to front loading doors by raising the washer and dryer by 14 ' minimizes bending and stooping at doors red finish",,lg electronics wdp3 laundry pedestal with drawer blue,,174.29,"('rtable_description', 'rtable_price')","[nan, nan]","[nan, 174.29]",0,0,0.8872438,0.11275624,2
61,,lg 14 ' washer and dryer red pedestal with drawer wdp3r,"lg 14 ' washer and dryer red pedestal with drawer wdp3r each drawer has storage for laundry bottles , boxes and more provides easy access to front loading doors by raising the washer and dryer by 14 ' minimizes bending and stooping at doors red finish",,samsung 7 series ln46a750 46 ' lcd tv ln46a750r1fxza,,,"('rtable_name',)",['lg electronics wdp3 laundry pedestal with drawer blue'],"[""samsung 7 series ln46a750 46 ' lcd tv ln46a750r1fxza""]",0,0,0.9863187,0.013681258,2
62,,lg 14 ' washer and dryer red pedestal with drawer wdp3r,"lg 14 ' washer and dryer red pedestal with drawer wdp3r each drawer has storage for laundry bottles , boxes and more provides easy access to front loading doors by raising the washer and dryer by 14 ' minimizes bending and stooping at doors red finish",,lg electronics wdp3 laundry pedestal with drawer blue,"samsung ln46a750 46 ' 1080p lcd hdtv 50,000:1 dynamic contrast ratio 6ms response time 120hz",,"('rtable_description',)",[nan],"[""samsung ln46a750 46 ' 1080p lcd hdtv 50,000:1 dynamic contrast ratio 6ms response time 120hz""]",0,0,0.9959111,0.004088852,2
40,,lg 14 ' washer and dryer red pedestal with drawer wdp3r,"lg 14 ' washer and dryer red pedestal with drawer wdp3r each drawer has storage for laundry bottles , boxes and more provides easy access to front loading doors by raising the washer and dryer by 14 ' minimizes bending and stooping at doors red finish",,lg electronics wdp3 laundry pedestal with drawer blue,sirius sp5tk1 sportster 5 dock & play radio with car kit,,"('rtable_description',)",[nan],['sirius sp5tk1 sportster 5 dock & play radio with car kit'],0,0,0.9952068,0.00479319,2
63,,lg 14 ' washer and dryer red pedestal with drawer wdp3r,"lg 14 ' washer and dryer red pedestal with drawer wdp3r each drawer has storage for laundry bottles , boxes and more provides easy access to front loading doors by raising the washer and dryer by 14 ' minimizes bending and stooping at doors red finish",,lg electronics wdp3 laundry pedestal with drawer blue,,1537.77,"('rtable_price',)",[nan],[1537.77],0,0,0.67646605,0.32353392,2
65,,lg 14 ' washer and dryer red pedestal with drawer wdp3r,"lg 14 ' washer and dryer red pedestal with drawer wdp3r each drawer has storage for laundry bottles , boxes and more provides easy access to front loading doors by raising the washer and dryer by 14 ' minimizes bending and stooping at doors red finish",,samsung 7 series ln46a750 46 ' lcd tv ln46a750r1fxza,,1537.77,"('rtable_name', 'rtable_price')","['lg electronics wdp3 laundry pedestal with drawer blue', nan]","[""samsung 7 series ln46a750 46 ' lcd tv ln46a750r1fxza"", 1537.77]",0,0,0.98700094,0.012999073,2
66,,lg 14 ' washer and dryer red pedestal with drawer wdp3r,"lg 14 ' washer and dryer red pedestal with drawer wdp3r each drawer has storage for laundry bottles , boxes and more provides easy access to front loading doors by raising the washer and dryer by 14 ' minimizes bending and stooping at doors red finish",,lg electronics wdp3 laundry pedestal with drawer blue,"samsung ln46a750 46 ' 1080p lcd hdtv 50,000:1 dynamic contrast ratio 6ms response time 120hz",1537.77,"('rtable_description', 'rtable_price')","[nan, nan]","[""samsung ln46a750 46 ' 1080p lcd hdtv 50,000:1 dynamic contrast ratio 6ms response time 120hz"", 1537.77]",0,0,0.99566925,0.0043307226,2
68,,lg 14 ' washer and dryer red pedestal with drawer wdp3r,"lg 14 ' washer and dryer red pedestal with drawer wdp3r each drawer has storage for laundry bottles , boxes and more provides easy access to front loading doors by raising the washer and dryer by 14 ' minimizes bending and stooping at doors red finish",,panasonic lumix dmc-fz28 digital camera black,,,"('rtable_name',)",['lg electronics wdp3 laundry pedestal with drawer blue'],['panasonic lumix dmc-fz28 digital camera black'],0,0,0.9740471,0.02595288,2
69,,lg 14 ' washer and dryer red pedestal with drawer wdp3r,"lg 14 ' washer and dryer red pedestal with drawer wdp3r each drawer has storage for laundry bottles , boxes and more provides easy access to front loading doors by raising the washer and dryer by 14 ' minimizes bending and stooping at doors red finish",,lg electronics wdp3 laundry pedestal with drawer blue,"panasonic dmc-fz28k lumix 10 megapixel digital camera with 27mm leica dc vario-elmarit lens , 18x optical zoom and intelligent auto mode black",,"('rtable_description',)",[nan],"['panasonic dmc-fz28k lumix 10 megapixel digital camera with 27mm leica dc vario-elmarit lens , 18x optical zoom and intelligent auto mode black']",0,0,0.989785,0.010214997,2
70,,lg 14 ' washer and dryer red pedestal with drawer wdp3r,"lg 14 ' washer and dryer red pedestal with drawer wdp3r each drawer has storage for laundry bottles , boxes and more provides easy access to front loading doors by raising the washer and dryer by 14 ' minimizes bending and stooping at doors red finish",,panasonic lumix dmc-fz28 digital camera black,"panasonic dmc-fz28k lumix 10 megapixel digital camera with 27mm leica dc vario-elmarit lens , 18x optical zoom and intelligent auto mode black",,"('rtable_name', 'rtable_description')","['lg electronics wdp3 laundry pedestal with drawer blue', nan]","['panasonic lumix dmc-fz28 digital camera black', 'panasonic dmc-fz28k lumix 10 megapixel digital camera with 27mm leica dc vario-elmarit lens , 18x optical zoom and intelligent auto mode black']",0,0,0.9573049,0.04269517,2
71,,lg 14 ' washer and dryer red pedestal with drawer wdp3r,"lg 14 ' washer and dryer red pedestal with drawer wdp3r each drawer has storage for laundry bottles , boxes and more provides easy access to front loading doors by raising the washer and dryer by 14 ' minimizes bending and stooping at doors red finish",,panasonic lumix dmc-fz28 digital camera black,,,"('rtable_name', 'rtable_price')","['lg electronics wdp3 laundry pedestal with drawer blue', nan]","['panasonic lumix dmc-fz28 digital camera black', nan]",0,0,0.97069854,0.02930146,2
64,,lg 14 ' washer and dryer red pedestal with drawer wdp3r,"lg 14 ' washer and dryer red pedestal with drawer wdp3r each drawer has storage for laundry bottles , boxes and more provides easy access to front loading doors by raising the washer and dryer by 14 ' minimizes bending and stooping at doors red finish",,samsung 7 series ln46a750 46 ' lcd tv ln46a750r1fxza,"samsung ln46a750 46 ' 1080p lcd hdtv 50,000:1 dynamic contrast ratio 6ms response time 120hz",,"('rtable_name', 'rtable_description')","['lg electronics wdp3 laundry pedestal with drawer blue', nan]","[""samsung 7 series ln46a750 46 ' lcd tv ln46a750r1fxza"", ""samsung ln46a750 46 ' 1080p lcd hdtv 50,000:1 dynamic contrast ratio 6ms response time 120hz""]",0,0,0.98813266,0.01186732,2
55,,lg 14 ' washer and dryer red pedestal with drawer wdp3r,"lg 14 ' washer and dryer red pedestal with drawer wdp3r each drawer has storage for laundry bottles , boxes and more provides easy access to front loading doors by raising the washer and dryer by 14 ' minimizes bending and stooping at doors red finish",,lg electronics wdp3 laundry pedestal with drawer blue,9.1 megapixel 16:9 2x digital zoom 3 ' active matrix tft color lcd,329.0,"('rtable_description', 'rtable_price')","[nan, nan]","[""9.1 megapixel 16:9 2x digital zoom 3 ' active matrix tft color lcd"", 329.0]",0,0,0.9915005,0.008499457,2
150,,lg 14 ' washer and dryer red pedestal with drawer wdp3r,"lg 14 ' washer and dryer red pedestal with drawer wdp3r each drawer has storage for laundry bottles , boxes and more provides easy access to front loading doors by raising the washer and dryer by 14 ' minimizes bending and stooping at doors red finish",,lg electronics wdp3 laundry pedestal with drawer blue,,557.64,"('rtable_description', 'rtable_price')","[nan, nan]","[nan, 557.64]",0,0,0.9826454,0.01735455,2
53,,lg 14 ' washer and dryer red pedestal with drawer wdp3r,"lg 14 ' washer and dryer red pedestal with drawer wdp3r each drawer has storage for laundry bottles , boxes and more provides easy access to front loading doors by raising the washer and dryer by 14 ' minimizes bending and stooping at doors red finish",,sony cyber-shot dsc-h50 digital camera black dsch50b,9.1 megapixel 16:9 2x digital zoom 3 ' active matrix tft color lcd,,"('rtable_name', 'rtable_description')","['lg electronics wdp3 laundry pedestal with drawer blue', nan]","['sony cyber-shot dsc-h50 digital camera black dsch50b', ""9.1 megapixel 16:9 2x digital zoom 3 ' active matrix tft color lcd""]",0,0,0.51820606,0.48179397,2
42,,lg 14 ' washer and dryer red pedestal with drawer wdp3r,"lg 14 ' washer and dryer red pedestal with drawer wdp3r each drawer has storage for laundry bottles , boxes and more provides easy access to front loading doors by raising the washer and dryer by 14 ' minimizes bending and stooping at doors red finish",,sony ribbon and paper with snap-off edges for dpp-fp50 digital photo printer svmf120p,,,"('rtable_name',)",['lg electronics wdp3 laundry pedestal with drawer blue'],['sony ribbon and paper with snap-off edges for dpp-fp50 digital photo printer svmf120p'],0,0,0.9555714,0.04442862,2
52,,lg 14 ' washer and dryer red pedestal with drawer wdp3r,"lg 14 ' washer and dryer red pedestal with drawer wdp3r each drawer has storage for laundry bottles , boxes and more provides easy access to front loading doors by raising the washer and dryer by 14 ' minimizes bending and stooping at doors red finish",,lg electronics wdp3 laundry pedestal with drawer blue,9.1 megapixel 16:9 2x digital zoom 3 ' active matrix tft color lcd,,"('rtable_description',)",[nan],"[""9.1 megapixel 16:9 2x digital zoom 3 ' active matrix tft color lcd""]",0,0,0.9938386,0.0061613666,2
51,,lg 14 ' washer and dryer red pedestal with drawer wdp3r,"lg 14 ' washer and dryer red pedestal with drawer wdp3r each drawer has storage for laundry bottles , boxes and more provides easy access to front loading doors by raising the washer and dryer by 14 ' minimizes bending and stooping at doors red finish",,sony cyber-shot dsc-h50 digital camera black dsch50b,,,"('rtable_name',)",['lg electronics wdp3 laundry pedestal with drawer blue'],['sony cyber-shot dsc-h50 digital camera black dsch50b'],0,0,0.9201627,0.079837345,2
43,,lg 14 ' washer and dryer red pedestal with drawer wdp3r,"lg 14 ' washer and dryer red pedestal with drawer wdp3r each drawer has storage for laundry bottles , boxes and more provides easy access to front loading doors by raising the washer and dryer by 14 ' minimizes bending and stooping at doors red finish",,lg electronics wdp3 laundry pedestal with drawer blue,"ribbon , sheet",,"('rtable_description', 'rtable_price')","[nan, nan]","['ribbon , sheet', nan]",0,0,0.9238249,0.07617515,2
50,,lg 14 ' washer and dryer red pedestal with drawer wdp3r,"lg 14 ' washer and dryer red pedestal with drawer wdp3r each drawer has storage for laundry bottles , boxes and more provides easy access to front loading doors by raising the washer and dryer by 14 ' minimizes bending and stooping at doors red finish",,lg electronics wdp3 laundry pedestal with drawer blue,polycarbonate black,18.99,"('rtable_description', 'rtable_price')","[nan, nan]","['polycarbonate black', 18.99]",0,0,0.9852225,0.01477752,2
49,,lg 14 ' washer and dryer red pedestal with drawer wdp3r,"lg 14 ' washer and dryer red pedestal with drawer wdp3r each drawer has storage for laundry bottles , boxes and more provides easy access to front loading doors by raising the washer and dryer by 14 ' minimizes bending and stooping at doors red finish",,lg electronics wdp3 laundry pedestal with drawer blue,,,"('rtable_description', 'rtable_price')","[nan, nan]","[nan, nan]",0,0,0.57721573,0.42278427,2
48,,lg 14 ' washer and dryer red pedestal with drawer wdp3r,"lg 14 ' washer and dryer red pedestal with drawer wdp3r each drawer has storage for laundry bottles , boxes and more provides easy access to front loading doors by raising the washer and dryer by 14 ' minimizes bending and stooping at doors red finish",,lg electronics wdp3 laundry pedestal with drawer blue,,,"('rtable_description', 'rtable_price')","[nan, nan]","[nan, nan]",0,0,0.57721573,0.42278427,2
44,,lg 14 ' washer and dryer red pedestal with drawer wdp3r,"lg 14 ' washer and dryer red pedestal with drawer wdp3r each drawer has storage for laundry bottles , boxes and more provides easy access to front loading doors by raising the washer and dryer by 14 ' minimizes bending and stooping at doors red finish",,samsung ln32a450 32 ' 720p lcd hdtv,,,"('rtable_name',)",['lg electronics wdp3 laundry pedestal with drawer blue'],"[""samsung ln32a450 32 ' 720p lcd hdtv""]",0,0,0.747011,0.252989,2
54,,lg 14 ' washer and dryer red pedestal with drawer wdp3r,"lg 14 ' washer and dryer red pedestal with drawer wdp3r each drawer has storage for laundry bottles , boxes and more provides easy access to front loading doors by raising the washer and dryer by 14 ' minimizes bending and stooping at doors red finish",,sony cyber-shot dsc-h50 digital camera black dsch50b,,329.0,"('rtable_name', 'rtable_price')","['lg electronics wdp3 laundry pedestal with drawer blue', nan]","['sony cyber-shot dsc-h50 digital camera black dsch50b', 329.0]",0,0,0.9886103,0.011389632,2
47,,lg 14 ' washer and dryer red pedestal with drawer wdp3r,"lg 14 ' washer and dryer red pedestal with drawer wdp3r each drawer has storage for laundry bottles , boxes and more provides easy access to front loading doors by raising the washer and dryer by 14 ' minimizes bending and stooping at doors red finish",,lg electronics wdp3 laundry pedestal with drawer blue,"cd-r , cd-rw , cd-rom mp3 , cd-text playback 400 disc ( s ) 32 programmable track ( s )",,"('rtable_description',)",[nan],"['cd-r , cd-rw , cd-rom mp3 , cd-text playback 400 disc ( s ) 32 programmable track ( s )']",0,0,0.9705508,0.029449303,2
45,,lg 14 ' washer and dryer red pedestal with drawer wdp3r,"lg 14 ' washer and dryer red pedestal with drawer wdp3r each drawer has storage for laundry bottles , boxes and more provides easy access to front loading doors by raising the washer and dryer by 14 ' minimizes bending and stooping at doors red finish",,lg electronics wdp3 laundry pedestal with drawer blue,,,"('rtable_description', 'rtable_price')","[nan, nan]","[nan, nan]",0,0,0.57721573,0.42278424,2
2,,panasonic kx-tg6702b 5.8 ghz fhss gigarange expandable black cordless phone system kxtg6702b,panasonic kx-tg6702b 5.8 ghz fhss gigarange expandable black cordless phone system kxtg6702b all-digital answering system lcd call counter speakerphone navigator key up to 8 handsets with just one phone jack line status indicator voice scramble handset locator volume control black finish,197.0,lg electronics wdp3 laundry pedestal with drawer blue,,,"('ltable_name', 'ltable_description', 'ltable_price')","[""lg 14 ' washer and dryer red pedestal with drawer wdp3r"", ""lg 14 ' washer and dryer red pedestal with drawer wdp3r each drawer has storage for laundry bottles , boxes and more provides easy access to front loading doors by raising the washer and dryer by 14 ' minimizes bending and stooping at doors red finish"", nan]","['panasonic kx-tg6702b 5.8 ghz fhss gigarange expandable black cordless phone system kxtg6702b', 'panasonic kx-tg6702b 5.8 ghz fhss gigarange expandable black cordless phone system kxtg6702b all-digital answering system lcd call counter speakerphone navigator key up to 8 handsets with just one phone jack line status indicator voice scramble handset locator volume control black finish', 197.0]",0,0,0.5219684,0.47803155,3
73,,lg 14 ' washer and dryer red pedestal with drawer wdp3r,"lg 14 ' washer and dryer red pedestal with drawer wdp3r each drawer has storage for laundry bottles , boxes and more provides easy access to front loading doors by raising the washer and dryer by 14 ' minimizes bending and stooping at doors red finish",,panasonic lumix dmc-fz28 digital camera black,"panasonic dmc-fz28k lumix 10 megapixel digital camera with 27mm leica dc vario-elmarit lens , 18x optical zoom and intelligent auto mode black",,"('rtable_name', 'rtable_description', 'rtable_price')","['lg electronics wdp3 laundry pedestal with drawer blue', nan, nan]","['panasonic lumix dmc-fz28 digital camera black', 'panasonic dmc-fz28k lumix 10 megapixel digital camera with 27mm leica dc vario-elmarit lens , 18x optical zoom and intelligent auto mode black', nan]",0,0,0.83626044,0.16373953,3
67,,lg 14 ' washer and dryer red pedestal with drawer wdp3r,"lg 14 ' washer and dryer red pedestal with drawer wdp3r each drawer has storage for laundry bottles , boxes and more provides easy access to front loading doors by raising the washer and dryer by 14 ' minimizes bending and stooping at doors red finish",,samsung 7 series ln46a750 46 ' lcd tv ln46a750r1fxza,"samsung ln46a750 46 ' 1080p lcd hdtv 50,000:1 dynamic contrast ratio 6ms response time 120hz",1537.77,"('rtable_name', 'rtable_description', 'rtable_price')","['lg electronics wdp3 laundry pedestal with drawer blue', nan, nan]","[""samsung 7 series ln46a750 46 ' lcd tv ln46a750r1fxza"", ""samsung ln46a750 46 ' 1080p lcd hdtv 50,000:1 dynamic contrast ratio 6ms response time 120hz"", 1537.77]",0,0,0.98197776,0.018022172,3
10,,lg 14 ' washer and dryer red pedestal with drawer wdp3r,"lg 14 ' washer and dryer red pedestal with drawer wdp3r each drawer has storage for laundry bottles , boxes and more provides easy access to front loading doors by raising the washer and dryer by 14 ' minimizes bending and stooping at doors red finish",,sony cyber-shot dsc-w150 digital camera red dscw150r,8.1 megapixel 16:9 2x digital zoom 2.7 ' active matrix tft color lcd,139.94,"('rtable_name', 'rtable_description', 'rtable_price')","['lg electronics wdp3 laundry pedestal with drawer blue', nan, nan]","['sony cyber-shot dsc-w150 digital camera red dscw150r', ""8.1 megapixel 16:9 2x digital zoom 2.7 ' active matrix tft color lcd"", 139.94]",0,0,0.9751788,0.024821224,3
118,,lg 14 ' washer and dryer red pedestal with drawer wdp3r,"lg 14 ' washer and dryer red pedestal with drawer wdp3r each drawer has storage for laundry bottles , boxes and more provides easy access to front loading doors by raising the washer and dryer by 14 ' minimizes bending and stooping at doors red finish",,lg electronics dle2516w 27 ' electric dryer,,,"('rtable_name', 'rtable_description', 'rtable_price')","['lg electronics wdp3 laundry pedestal with drawer blue', nan, nan]","[""lg electronics dle2516w 27 ' electric dryer"", nan, nan]",0,0,0.80117667,0.19882333,3
27,,lg 14 ' washer and dryer red pedestal with drawer wdp3r,"lg 14 ' washer and dryer red pedestal with drawer wdp3r each drawer has storage for laundry bottles , boxes and more provides easy access to front loading doors by raising the washer and dryer by 14 ' minimizes bending and stooping at doors red finish",,garmin suction cup mount 010-10823-00,,24.84,"('rtable_name', 'rtable_description', 'rtable_price')","['lg electronics wdp3 laundry pedestal with drawer blue', nan, nan]","['garmin suction cup mount 010-10823-00', nan, 24.84]",0,0,0.7006836,0.29931638,3
97,,lg 14 ' washer and dryer red pedestal with drawer wdp3r,"lg 14 ' washer and dryer red pedestal with drawer wdp3r each drawer has storage for laundry bottles , boxes and more provides easy access to front loading doors by raising the washer and dryer by 14 ' minimizes bending and stooping at doors red finish",,sony cyber-shot dsc-h10 digital camera black dsch10/b,8.1 megapixel 16:9 2x digital zoom 3 ' active matrix tft color lcd,213.72,"('rtable_name', 'rtable_description', 'rtable_price')","['lg electronics wdp3 laundry pedestal with drawer blue', nan, nan]","['sony cyber-shot dsc-h10 digital camera black dsch10/b', ""8.1 megapixel 16:9 2x digital zoom 3 ' active matrix tft color lcd"", 213.72]",0,0,0.8780092,0.121990785,3
18,,lg 14 ' washer and dryer red pedestal with drawer wdp3r,"lg 14 ' washer and dryer red pedestal with drawer wdp3r each drawer has storage for laundry bottles , boxes and more provides easy access to front loading doors by raising the washer and dryer by 14 ' minimizes bending and stooping at doors red finish",,sony cyber-shot dsc-w150 digital camera silver dscw150,8.1 megapixel 16:9 2x digital zoom 2.7 ' active matrix tft color lcd,129.99,"('rtable_name', 'rtable_description', 'rtable_price')","['lg electronics wdp3 laundry pedestal with drawer blue', nan, nan]","['sony cyber-shot dsc-w150 digital camera silver dscw150', ""8.1 megapixel 16:9 2x digital zoom 2.7 ' active matrix tft color lcd"", 129.99]",0,0,0.9582094,0.041790545,3
91,,lg 14 ' washer and dryer red pedestal with drawer wdp3r,"lg 14 ' washer and dryer red pedestal with drawer wdp3r each drawer has storage for laundry bottles , boxes and more provides easy access to front loading doors by raising the washer and dryer by 14 ' minimizes bending and stooping at doors red finish",,microsoft office 2007 standard 021-07746,,319.99,"('rtable_name', 'rtable_description', 'rtable_price')","['lg electronics wdp3 laundry pedestal with drawer blue', nan, nan]","['microsoft office 2007 standard 021-07746', nan, 319.99]",0,0,0.5843216,0.4156784,3
46,,lg 14 ' washer and dryer red pedestal with drawer wdp3r,"lg 14 ' washer and dryer red pedestal with drawer wdp3r each drawer has storage for laundry bottles , boxes and more provides easy access to front loading doors by raising the washer and dryer by 14 ' minimizes bending and stooping at doors red finish",,samsung ln32a450 32 ' 720p lcd hdtv,,,"('rtable_name', 'rtable_description', 'rtable_price')","['lg electronics wdp3 laundry pedestal with drawer blue', nan, nan]","[""samsung ln32a450 32 ' 720p lcd hdtv"", nan, nan]",0,0,0.77421993,0.22578008,3
56,,lg 14 ' washer and dryer red pedestal with drawer wdp3r,"lg 14 ' washer and dryer red pedestal with drawer wdp3r each drawer has storage for laundry bottles , boxes and more provides easy access to front loading doors by raising the washer and dryer by 14 ' minimizes bending and stooping at doors red finish",,sony cyber-shot dsc-h50 digital camera black dsch50b,9.1 megapixel 16:9 2x digital zoom 3 ' active matrix tft color lcd,329.0,"('rtable_name', 'rtable_description', 'rtable_price')","['lg electronics wdp3 laundry pedestal with drawer blue', nan, nan]","['sony cyber-shot dsc-h50 digital camera black dsch50b', ""9.1 megapixel 16:9 2x digital zoom 3 ' active matrix tft color lcd"", 329.0]",0,0,0.6967428,0.30325726,3
